"regulator","TF_id","trn_type","gene_name","gene_id","source",
"RutR2","PA0436","TF","pydP","PA0443","RegPrecise",
"RutR2","PA0436","TF","pydC","PA0444","RegPrecise",
"RutR2","PA0436","TF","pydB","PA0441","RegPrecise",
"RutR2","PA0436","TF","pydX","PA0440","RegPrecise",
"RutR2","PA0436","TF","pydA","PA0439","RegPrecise",
"RutR2","PA0436","TF","codB","PA0438","RegPrecise",
"RutR2","PA0436","TF","codA","PA0437","RegPrecise",
"PhhR","PA0873","TF","hpd","PA0865","RegPrecise",
"PhhR","PA0873","TF","phhR","PA0873","RegPrecise",
"PhhR","PA0873","TF","phhA","PA0872","RegPrecise",
"PhhR","PA0873","TF","phhB","PA0871","RegPrecise",
"PhhR","PA0873","TF","phhC","PA0870","RegPrecise",
"HexR","PA3184","TF","hexR","PA3184","RegPrecise",
"HexR","PA3184","TF","edd","PA3194","RegPrecise",
"HexR","PA3184","TF","glk","PA3193","RegPrecise",
"HexR","PA3184","TF","gltR","PA3192","RegPrecise",
"HexR","PA3184","TF","gltS","PA3191","RegPrecise",
"HexR","PA3184","TF","gapA","PA3195","RegPrecise",
"HexR","PA3184","TF","zwf","PA3183","RegPrecise",
"HexR","PA3184","TF","pgl","PA3182","RegPrecise",
"HexR","PA3184","TF","eda","PA3181","RegPrecise",
"DesT","PA4890","TF","fabA","PA1610","RegPrecise",
"DesT","PA4890","TF","desC","PA4889","RegPrecise",
"DesT","PA4890","TF","desB","PA4888","RegPrecise",
"HexR1","PA5438","TF","zwf","PA5439","RegPrecise",
"HexR1","PA5438","TF","aceE","PA5015","RegPrecise",
"HexR1","PA5438","TF","aceF","PA5016","RegPrecise",
"HexR1","PA5438","TF","hexR1","PA5438","RegPrecise",
"HexR1","PA5438","TF","aldE","PA3185","RegPrecise",
"BirA","PA4280","TF","bioB","PA0500","RegPrecise",
"BirA","PA4280","TF","bioF","PA0501","RegPrecise",
"BirA","PA4280","TF","bioH","PA0502","RegPrecise",
"BirA","PA4280","TF","bioC","PA0503","RegPrecise",
"BirA","PA4280","TF","bioD","PA0504","RegPrecise",
"NrtR","PA4916","TF","nadD","PA4917","RegPrecise",
"NrtR","PA4916","TF","nrtR","PA4916","RegPrecise",
"NrtR","PA4916","TF","pncA","PA4918","RegPrecise",
"NrtR","PA4916","TF","pncB","PA4919","RegPrecise",
"NrtR","PA4916","TF","nadE","PA4920","RegPrecise",
"NrdR","PA4057","TF","nrdD","PA1920","RegPrecise",
"NrdR","PA4057","TF","nrdG","PA1919","RegPrecise",
"NrdR","PA4057","TF","nrdJb","PA5497","RegPrecise",
"NrdR","PA4057","TF","nrdJa","PA5496","RegPrecise",
"NrdR","PA4057","TF","nrdA","PA1156","RegPrecise",
"NrdR","PA4057","TF","nrdB","PA1155","RegPrecise",
"NrdR","PA4057","TF","topA","PA3011","RegPrecise",
"SahR","PA0547","TF","sahR","PA0547","RegPrecise",
"SahR","PA0547","TF","metK","PA0546","RegPrecise",
"Zur","PA5499","TF","zur","PA5499","RegPrecise",
"Zur","PA5499","TF","znuC","PA5500","RegPrecise",
"Zur","PA5499","TF","znuB","PA5501","RegPrecise",
"Zur","PA5499","TF","omr","PA0781","RegPrecise",
"Zur","PA5499","TF","rpmE2","PA3601","RegPrecise",
"Zur","PA5499","TF","rpmJ","PA3600","RegPrecise",
"Zur","PA5499","TF","dksA2","PA5536","RegPrecise",
"Zur","PA5499","TF","yciC","PA5535","RegPrecise",
"Zur","PA5499","TF","PF08856","PA5534","RegPrecise",
"Zur","PA5499","TF","PA4838","PA4838","RegPrecise",
"Zur","PA5499","TF","PA5537","PA5537","RegPrecise",
"Zur","PA5499","TF","folE2","PA5539","RegPrecise",
"Zur","PA5499","TF","can","PA5540","RegPrecise",
"Zur","PA5499","TF","pyrC2","PA5541","RegPrecise",
"Zur","PA5499","TF","amiA","PA5538","RegPrecise",
"Zur","PA5499","TF","zbp","PA4063","RegPrecise",
"Zur","PA5499","TF","znuA","PA5498","RegPrecise",
"LldR","PA4769","TF","lldR","PA4769","RegPrecise",
"LldR","PA4769","TF","lldP","PA4770","RegPrecise",
"LldR","PA4769","TF","lldD","PA4771","RegPrecise",
"LldR","PA4769","TF","dld","PA4772","RegPrecise",
"NorR","PA2665","TF","hmp","PA2664","RegPrecise",
"NorR","PA2665","TF","null","PA2663","RegPrecise",
"NorR","PA2665","TF","nnrS","PA2662","RegPrecise",
"NorR","PA2665","TF","norR","PA2665","RegPrecise",
"PrpR","PA0797","TF","prpR","PA0797","RegPrecise",
"PrpR","PA0797","TF","prpB","PA0796","RegPrecise",
"PrpR","PA0797","TF","prpC","PA0795","RegPrecise",
"PrpR","PA0797","TF","acnD","PA0794","RegPrecise",
"PrpR","PA0797","TF","prpF","PA0793","RegPrecise",
"PrpR","PA0797","TF","prpD","PA0792","RegPrecise",
"HutC","PA5105","TF","hutC","PA5105","RegPrecise",
"HutC","PA5105","TF","hutD","PA5104","RegPrecise",
"HutC","PA5105","TF","hutF","PA5106","RegPrecise",
"HutC","PA5105","TF","hutU","PA5100","RegPrecise",
"HutC","PA5105","TF","COG1457 (CodB)","PA5099","RegPrecise",
"HutC","PA5105","TF","hutH","PA5098","RegPrecise",
"HutC","PA5105","TF","hisT","PA5097","RegPrecise",
"HutC","PA5105","TF","hutX","PA5096","RegPrecise",
"HutC","PA5105","TF","hutW","PA5095","RegPrecise",
"HutC","PA5105","TF","hutV","PA5094","RegPrecise",
"HutC","PA5105","TF","hutH2","PA5093","RegPrecise",
"HutC","PA5105","TF","hutI","PA5092","RegPrecise",
"HutC","PA5105","TF","hutG","PA5091","RegPrecise",
"HypR","PA1269","TF","hypR","PA1269","RegPrecise",
"HypR","PA1269","TF","hypE","PA1268","RegPrecise",
"HypR","PA1269","TF","hypO","PA1267","RegPrecise",
"HypR","PA1269","TF","hypM","PA1260","RegPrecise",
"HypR","PA1269","TF","hypX","PA1259","RegPrecise",
"HypR","PA1269","TF","hypN","PA1258","RegPrecise",
"HypR","PA1269","TF","hypP","PA1257","RegPrecise",
"HypR","PA1269","TF","hypQ","PA1256","RegPrecise",
"HypR","PA1269","TF","hypY","PA1255","RegPrecise",
"HypR","PA1269","TF","hypD","PA1254","RegPrecise",
"HypR","PA1269","TF","hypH","PA1253","RegPrecise",
"LphR","PA1268","TF","lphP","PA1260",27145750,
"LphR","PA1268","TF","lphH","PA1259",27145750,
"LphR","PA1268","TF","lphM","PA1258",27145750,
"LphR","PA1268","TF","lphN","PA1257",27145750,
"LphR","PA1268","TF","lphO","PA1256",27145750,
"LphR","PA1268","TF","lphK","PA1255",27145750,
"LphR","PA1268","TF","lphC","PA1254",27145750,
"LphR","PA1268","TF","lphG","PA1253",27145750,
"IscR","PA3815","TF","iscR","PA3815","RegPrecise",
"IscR","PA3815","TF","iscS","PA3814","RegPrecise",
"IscR","PA3815","TF","iscU","PA3813","RegPrecise",
"IscR","PA3815","TF","iscA","PA3812","RegPrecise",
"IscR","PA3815","TF","hscB","PA3811","RegPrecise",
"IscR","PA3815","TF","hscA","PA3810","RegPrecise",
"IscR","PA3815","TF","fdx","PA3809","RegPrecise",
"IscR","PA3815","TF","yfhJ","PA3808","RegPrecise",
"IscR","PA3815","TF","erpA","PA0665","RegPrecise",
"NagQ","PA3757","TF","nagQ","PA3757","RegPrecise",
"NagQ","PA3757","TF","null","PA3758","RegPrecise",
"NagQ","PA3757","TF","nagB2","PA3759","RegPrecise",
"NagQ","PA3757","TF","ptsI","PA3760","RegPrecise",
"NagQ","PA3757","TF","null","PA3761","RegPrecise",
"GlcC","PA5356","TF","glcD","PA5355","RegPrecise",
"GlcC","PA5356","TF","glcE","PA5354","RegPrecise",
"GlcC","PA5356","TF","glcF","PA5353","RegPrecise",
"GlcC","PA5356","TF","glcG","PA5352","RegPrecise",
"GlcC","PA5356","TF","glcC","PA5356","RegPrecise",
"NtrC","PA5125","TF","ntrB","PA5124","RegPrecise",
"NtrC","PA5125","TF","ntrC","PA5125","RegPrecise",
"NtrC","PA5125","TF","ybdK","PA1730","RegPrecise",
"NtrC","PA5125","TF","PF04168","PA1731","RegPrecise",
"NtrC","PA5125","TF","PF01841","PA1732","RegPrecise",
"NtrC","PA5125","TF","glnA","PA5119","RegPrecise",
"NtrC","PA5125","TF","glnK","PA5288","RegPrecise",
"NtrC","PA5125","TF","amtB","PA5287","RegPrecise",
"FruR","PA3563","TF","fruR","PA3563","RegPrecise",
"FruR","PA3563","TF","fruB","PA3562","RegPrecise",
"FruR","PA3563","TF","fruK","PA3561","RegPrecise",
"FruR","PA3563","TF","fruA","PA3560","RegPrecise",
"RbsR","PA1949","TF","rbsB","PA1946","RegPrecise",
"RbsR","PA1949","TF","rbsA","PA1947","RegPrecise",
"RbsR","PA1949","TF","rbsC","PA1948","RegPrecise",
"RbsR","PA1949","TF","rbsR","PA1949","RegPrecise",
"RbsR","PA1949","TF","rbsK","PA1950","RegPrecise",
"ModE","PA0487","TF","modA","PA1863","RegPrecise",
"ModE","PA0487","TF","modB","PA1862","RegPrecise",
"ModE","PA0487","TF","modC","PA1861","RegPrecise",
"LexA","PA3007","TF","yebG","PA3413","RegPrecise",
"LexA","PA3007","TF","PF04055","PA0069","RegPrecise",
"LexA","PA3007","TF","PA0922","PA0922","RegPrecise",
"LexA","PA3007","TF","imuA","PA0671","RegPrecise",
"LexA","PA3007","TF","imuB","PA0670","RegPrecise",
"LexA","PA3007","TF","dnaE2","PA0669","RegPrecise",
"LexA","PA3007","TF","lexA","PA3007","RegPrecise",
"LexA","PA3007","TF","sulA","PA3008","RegPrecise",
"LexA","PA3007","TF","recN","PA4763","RegPrecise",
"LexA","PA3007","TF","recA","PA3617","RegPrecise",
"LexA","PA3007","TF","recX","PA3616","RegPrecise",
"LexA","PA3007","TF","dinG","PA1045","RegPrecise",
"LexA","PA3007","TF","PF08774","PA1865","RegPrecise",
"LexA","PA3007","TF","COG1199","PA1866","RegPrecise",
"LexA","PA3007","TF","PA2288","PA2288","RegPrecise",
"LexA","PA3007","TF","PF07130","PA3413","RegPrecise",
"LiuR","PA2016","TF","aacS","PA2557","RegPrecise",
"LiuR","PA2016","TF","liuR","PA2016","RegPrecise",
"LiuR","PA2016","TF","liuA","PA2015","RegPrecise",
"LiuR","PA2016","TF","liuB","PA2014","RegPrecise",
"LiuR","PA2016","TF","liuC","PA2013","RegPrecise",
"LiuR","PA2016","TF","liuD","PA2012","RegPrecise",
"LiuR","PA2016","TF","liuE","PA2011","RegPrecise",
"PsrA","PA3006","TF","acdH1","PA0506","RegPrecise",
"PsrA","PA3006","TF","acdH2","PA0507","RegPrecise",
"PsrA","PA3006","TF","acdH3","PA0508","RegPrecise",
"PsrA","PA3006","TF","null","PA1831","RegPrecise",
"PsrA","PA3006","TF","scp","PA1830","RegPrecise",
"PsrA","PA3006","TF","fadB","PA3014","RegPrecise",
"PsrA","PA3006","TF","fadA","PA3013","RegPrecise",
"PsrA","PA3006","TF","rpoS","PA3622","RegPrecise",
"PsrA","PA3006","TF","etfD","PA2953","RegPrecise",
"PsrA","PA3006","TF","etfB","PA2952","RegPrecise",
"PsrA","PA3006","TF","etfA","PA2951","RegPrecise",
"PsrA","PA3006","TF","algQ","PA5255","RegPrecise",
"PsrA","PA3006","TF","psrA","PA3006","RegPrecise",
"RutR","PA0167","TF","COG0726","PA1517","RegPrecise",
"RutR","PA0167","TF","pucL","PA1516","RegPrecise",
"RutR","PA0167","TF","allC","PA1515","RegPrecise",
"RutR","PA0167","TF","allA","PA1514","RegPrecise",
"RutR","PA0167","TF","COG3748","PA1513","RegPrecise",
"RutR","PA0167","TF","ppuA","PA0136","RegPrecise",
"RutR","PA0167","TF","ppuC","PA0137","RegPrecise",
"RutR","PA0167","TF","ppuD","PA0138","RegPrecise",
"RutR","PA0167","TF","tsx","PA0165","RegPrecise",
"RutR","PA0167","TF","pbuT","PA0166","RegPrecise",
"RutR","PA0167","TF","rutR","PA0167","RegPrecise",
"RutR","PA0167","TF","COG1739","PA0168","RegPrecise",
"VanR","PA4906","TF","vanA","PA4904","RegPrecise",
"VanR","PA4906","TF","vanB","PA4905","RegPrecise",
"VanR","PA4906","TF","vanK","PA4903","RegPrecise",
"PhnF","PA3381","TF","phnF","PA3381","RegPrecise",
"PhnF","PA3381","TF","phnG","PA3380","RegPrecise",
"PhnF","PA3381","TF","phnH","PA3379","RegPrecise",
"PhnF","PA3381","TF","phnI","PA3378","RegPrecise",
"PhnF","PA3381","TF","phnJ","PA3377","RegPrecise",
"PhnF","PA3381","TF","phnK","PA3376","RegPrecise",
"PhnF","PA3381","TF","phnL","PA3375","RegPrecise",
"PhnF","PA3381","TF","pnhM","PA3374","RegPrecise",
"PhnF","PA3381","TF","phnN","PA3373","RegPrecise",
"PhnF","PA3381","TF","phnP","PA3372","RegPrecise",
"PhnR","PA2802","TF","phnR","PA3249","RegPrecise",
"PhnR","PA2802","TF","phnS","PA3250","RegPrecise",
"PhnR","PA2802","TF","PF01663","PA3251","RegPrecise",
"PhnR","PA2802","TF","phnU","PA3252","RegPrecise",
"PhnR","PA2802","TF","phnV","PA3253","RegPrecise",
"PhnR","PA2802","TF","phnT","PA3254","RegPrecise",
"PhnR","PA2802","TF","COG0560","PA3255","RegPrecise",
"PhnR","PA2802","TF","phnR3","PA2802","RegPrecise",
"PhnR","PA2802","TF","phnX","PA2803","RegPrecise",
"PhnR","PA2802","TF","COG4341","PA2804","RegPrecise",
"PhnR","PA2802","TF","null","PA1144","RegPrecise",
"PhnR","PA2802","TF","COG0560","PA1143","RegPrecise",
"PhnR","PA2802","TF","phnR2","PA1142","RegPrecise",
"PhnR","PA2802","TF","COG0560","PA3255","RegPrecise",
"FabR2","PA1539","TF","fabR2","PA1539","RegPrecise",
"FabR2","PA1539","TF","COG2072","PA1538","RegPrecise",
"FabR2","PA1539","TF","COG0300","PA1537","RegPrecise",
"RutR3","PA1504","TF","xdhA","PA1524","RegPrecise",
"RutR3","PA1504","TF","xdhB","PA1523","RegPrecise",
"RutR3","PA1504","TF","xdhC","PA1522","RegPrecise",
"RutR3","PA1504","TF","guaD","PA1521","RegPrecise",
"RutR3","PA1504","TF","pbuT","PA1519","RegPrecise",
"yybP-ykoY",,"RNA","COG2119","PA4629","RegPrecise",
"yybP-ykoY",,"RNA","COG1971","PA2910","RegPrecise",
"TPP",,"RNA","thiC","PA4973","RegPrecise",
"SAH_riboswitch",,"RNA","ahcY","PA0432","RegPrecise",
"SAH_riboswitch",,"RNA","null","PA0431","RegPrecise",
"SAH_riboswitch",,"RNA","metF","PA0430","RegPrecise",
"mini-ykkC",,"RNA","ykkC2","PA1882","RegPrecise",
"mini-ykkC",,"RNA","ykkC1","PA3265","RegPrecise",
"S15",,"RNA","rpsO","PA4741","RegPrecise",
"Cobalamin",,"RNA","cobG","PA2906","RegPrecise",
"Cobalamin",,"RNA","cbiC","PA2905","RegPrecise",
"Cobalamin",,"RNA","cbiL","PA2904","RegPrecise",
"Cobalamin",,"RNA","cbiGH","PA2903","RegPrecise",
"Cobalamin",,"RNA","btuB2","PA1271","RegPrecise",
"Cobalamin",,"RNA","btuR","PA1272","RegPrecise",
"Cobalamin",,"RNA","cbiA","PA1273","RegPrecise",
"Cobalamin",,"RNA","bluB","PA1274","RegPrecise",
"Cobalamin",,"RNA","cbiB","PA1275","RegPrecise",
"Cobalamin",,"RNA","cobD","PA1276","RegPrecise",
"Cobalamin",,"RNA","cbiP","PA1277","RegPrecise",
"Cobalamin",,"RNA","cobU","PA1278","RegPrecise",
"Cobalamin",,"RNA","cobT","PA1279","RegPrecise",
"Cobalamin",,"RNA","cobC","PA1280","RegPrecise",
"Cobalamin",,"RNA","cobS","PA1281","RegPrecise",
"Cobalamin",,"RNA","cbtA","PA2946","RegPrecise",
"Cobalamin",,"RNA","cobE","PA2947","RegPrecise",
"Cobalamin",,"RNA","cbiF","PA2948","RegPrecise",
"Cobalamin",,"RNA","btuB","PA2911","RegPrecise",
"Cobalamin",,"RNA","btuD","PA2912","RegPrecise",
"Cobalamin",,"RNA","btuF","PA2913","RegPrecise",
"Cobalamin",,"RNA","btuC","PA2914","RegPrecise",
"Cobalamin",,"RNA","null","PA2945","RegPrecise",
"Cobalamin",,"RNA","cobN","PA2944","RegPrecise",
"FMN",,"RNA","ribE2","PA4055","RegPrecise",
"FMN",,"RNA","ribBA","PA4054","RegPrecise",
"FMN",,"RNA","ribH","PA4053","RegPrecise",
"PA2100","PA2100","TF","COG697 (RhaT)","PA2101","RegPrecise",
"PA2100","PA2100","TF","COG1310","PA2102","RegPrecise",
"GntR","PA2320","TF","gntT","PA2322","RegPrecise",
"GntR","PA2320","TF","gntK","PA2321","RegPrecise",
"GntR","PA2320","TF","gntR","PA2320","RegPrecise",
"SoxR","PA2273","TF","PF07690","PA3718","RegPrecise",
"SoxR","PA2273","TF","mexG","PA4205","RegPrecise",
"SoxR","PA2273","TF","mexH","PA4206","RegPrecise",
"SoxR","PA2273","TF","mexI","PA4207","RegPrecise",
"SoxR","PA2273","TF","opmD","PA4208","RegPrecise",
"SoxR","PA2273","TF","PF03992","PA2274","RegPrecise",
"SoxR","PA2273","TF","soxR","PA2273","RegPrecise",
"CueR","PA4778","TF","copA","PA3920","RegPrecise",
"CueR","PA4778","TF","null","PA3523","RegPrecise",
"CueR","PA4778","TF","null","PA3522","RegPrecise",
"CueR","PA4778","TF","PA3521","PA3521","RegPrecise",
"CueR","PA4778","TF","PA3515","PA3515",20233934,
"CueR","PA4778","TF","PA3516","PA3516",20233934,
"CueR","PA4778","TF","PA3517","PA3517",20233934,
"CueR","PA4778","TF","PA3518","PA3518",20233934,
"CueR","PA4778","TF","PA3519","PA3519",20233934,
"CueR","PA4778","TF","PA3520","PA3520",20233934,
"CueR","PA4778","TF","PA3574a","PA3574a",20233934,
"CadR-PbrR","PA3689","TF","cadA","PA3690","RegPrecise",
"PtxS","PA2259","TF","ptxS","PA2259","RegPrecise",
"PtxS","PA2259","TF","kguE","PA2260","RegPrecise",
"PtxS","PA2259","TF","kguK","PA2261","RegPrecise",
"PtxS","PA2259","TF","kguT","PA2262","RegPrecise",
"PtxS","PA2259","TF","kguD","PA2263","RegPrecise",
"PtxS","PA2259","TF","gadC","PA2264","RegPrecise",
"PtxS","PA2259","TF","gadB","PA2265","RegPrecise",
"PtxS","PA2259","TF","gadA","PA2266","RegPrecise",
"PA2299","PA2299","TF","PA2299","PA2299","RegPrecise",
"PA2299","PA2299","TF","PA2298","PA2298","RegPrecise",
"PA2299","PA2299","TF","PA2297","PA2297","RegPrecise",
"PA2299","PA2299","TF","PA2296","PA2296","RegPrecise",
"PA2299","PA2299","TF","PA2295","PA2295","RegPrecise",
"PA2299","PA2299","TF","PA2294","PA2294","RegPrecise",
"PA2299","PA2299","TF","PA2293","PA2293","RegPrecise",
"PA2299","PA2299","TF","PA2292","PA2292","RegPrecise",
"PA1520","PA1520","TF","PA2938","PA2938","RegPrecise",
"PA1520","PA1520","TF","PA1520","PA1520","RegPrecise",
"PA1520","PA1520","TF","PA1518","PA1518","RegPrecise",
"PA1520","PA1520","TF","gcl","PA1502","RegPrecise",
"PA1520","PA1520","TF","hyi","PA1501","RegPrecise",
"PA1520","PA1520","TF","garR","PA1500","RegPrecise",
"PA1520","PA1520","TF","PA0165","PA0165","RegPrecise",
"PA1520","PA1520","TF","PA1503","PA1503","RegPrecise",
"PA1520","PA1520","TF","PA1507","PA1507","RegPrecise",
"PA1520","PA1520","TF","PA1517","PA1517","RegPrecise",
"PA1520","PA1520","TF","uraO","PA1516","RegPrecise",
"PA1520","PA1520","TF","alc","PA1515","RegPrecise",
"PA1520","PA1520","TF","allA","PA1514","RegPrecise",
"PA1520","PA1520","TF","PA1513","PA1513","RegPrecise",
"PA1520","PA1520","TF","PA0476","PA0476","RegPrecise",
"PA1520","PA1520","TF","PA1519","PA1519","RegPrecise",
"UreR","PA0120","TF","dctA","PA0119","RegPrecise",
"UreR","PA0120","TF","ureR","PA0120","RegPrecise",
"MetR","PA3587","TF","metH","PA1843","RegPrecise",
"MetR","PA3587","TF","metR","PA3587","RegPrecise",
"MetR","PA3587","TF","metE","PA1927","RegPrecise",
"PA0268","PA0268","TF","PF02627","PA0269","RegPrecise",
"PA0268","PA0268","TF","PF07883","PA0270","RegPrecise",
"YdcR","PA4132","TF","cysI","PA4130","RegPrecise",
"YdcR","PA4132","TF","COG3749","PA4129","RegPrecise",
"YdcR","PA4132","TF","ccoN","PA4133","RegPrecise",
"GcsR","PA2449","TF","gcvH","PA2446","RegPrecise|27303730",
"GcsR","PA2449","TF","gcvP","PA2445","RegPrecise|27303730",
"GcsR","PA2449","TF","glyA","PA2444","RegPrecise|27303730",
"GcsR","PA2449","TF","sdaA","PA2443","RegPrecise|27303730",
"GcsR","PA2449","TF","gcvT","PA2442","RegPrecise|27303730",
"HmgR","PA2010","TF","hmgR","PA2010","RegPrecise",
"HmgR","PA2010","TF","hmgA","PA2009","RegPrecise",
"HmgR","PA2010","TF","hmgC","PA2008","RegPrecise",
"HmgR","PA2010","TF","hmgB","PA2007","RegPrecise",
"HmgR","PA2010","TF","COG2814","PA2006","RegPrecise",
"PdxR","PA4165","TF","PF00583","PA4166","RegPrecise",
"YjiR","PA2032","TF","yjiS","PA2031","RegPrecise",
"EutR","PA5506","TF","eutR","PA5506","RegPrecise",
"EutR","PA5506","TF","COG1335","PA5507","RegPrecise",
"EutR","PA5506","TF","eutB","PA5508","RegPrecise",
"EutR","PA5506","TF","eutA","PA5509","RegPrecise",
"EutR","PA5506","TF","eutT","PA5510","RegPrecise",
"SdaR","PA1050","TF","grtP","PA1051","RegPrecise",
"SdaR","PA1050","TF","garK","PA1052","RegPrecise",
"PhrR","PA4659","TF","COG3380","PA4657","RegPrecise",
"PhrR","PA4659","TF","COG3272","PA4658","RegPrecise",
"PhrR","PA4659","TF","phrR","PA4659","RegPrecise",
"PhrR","PA4659","TF","phr","PA4660","RegPrecise",
"PdxW2","PA5431","TF","COG456 (RimI) PF00583","PA5432","RegPrecise",
"PdxW2","PA5431","TF","COG1670 (RimL) PF00583","PA5433","RegPrecise",
"RoxR","PA4493","TF","coxA","PA0105",28542449,
"RoxR","PA4493","TF","coxB","PA0106",28542449,
"RoxR","PA4493","TF","coIII","PA0108",28542449,
"RpoS","PA3622","TF","coxA","PA0105",28542449,
"RpoS","PA3622","TF","coxB","PA0106",28542449,
"RpoS","PA3622","TF","coIII","PA0108",28542449,
"CysB","PA1754","TF","atsB","PA0185",10715018,
"CysB","PA1754","TF","ataA","PA0183",10715018,
"CysB","PA1754","TF","atsC","PA0184",10715018,
"CysB","PA1754","TF","atsR","PA0186",10715018,
"YdfF","PA2079","TF","cysA","PA0280","PseudoCyc",
"YdfF","PA2079","TF","cysW","PA0281","PseudoCyc",
"YdfF","PA2079","TF","cysT","PA0282","PseudoCyc",
"AtuR","PA2885","TF","atuA","PA2886",20487029,
"AtuR","PA2885","TF","atuB","PA2887",20487029,
"AtuR","PA2885","TF","atuC","PA2888",20487029,
"AtuR","PA2885","TF","atuD","PA2889",20487029,
"AtuR","PA2885","TF","atuE","PA2890",20487029,
"AtuR","PA2885","TF","atuF","PA2891",20487029,
"AtuR","PA2885","TF","atuG","PA2892",20487029,
"RpoS","PA3622","TF","pelA","PA3064",22176658,
"RpoS","PA3622","TF","pelB","PA3063",22176658,
"RpoS","PA3622","TF","pelC","PA3062",22176658,
"RpoS","PA3622","TF","pelD","PA3061",22176658,
"RpoS","PA3622","TF","pelE","PA3060",22176658,
"RpoS","PA3622","TF","pelF","PA3059",22176658,
"RpoS","PA3622","TF","pelG","PA3058",22176658,
"FleQ","PA1097","TF","pelA","PA3064",22176658,
"FleQ","PA1097","TF","pelB","PA3063",22176658,
"FleQ","PA1097","TF","pelC","PA3062",22176658,
"FleQ","PA1097","TF","pelD","PA3061",22176658,
"FleQ","PA1097","TF","pelE","PA3060",22176658,
"FleQ","PA1097","TF","pelF","PA3059",22176658,
"FleQ","PA1097","TF","pelG","PA3058",22176658,
"RsmA","PA0905","TF","pelA","PA3064",22176658,
"RsmA","PA0905","TF","pelB","PA3063",22176658,
"RsmA","PA0905","TF","pelC","PA3062",22176658,
"RsmA","PA0905","TF","pelD","PA3061",22176658,
"RsmA","PA0905","TF","pelE","PA3060",22176658,
"RsmA","PA0905","TF","pelF","PA3059",22176658,
"RsmA","PA0905","TF","pelG","PA3058",22176658,
"AcoR","PA4147","TF","PA4148","PA4148",32814867,
"AcoR","PA4147","TF","PA4149","PA4149",32814867,
"AcoR","PA4147","TF","PA4150","PA4150",32814867,
"AcoR","PA4147","TF","acoB","PA4151",32814867,
"AcoR","PA4147","TF","PA4152","PA4152",32814867,
"AcoR","PA4147","TF","PA4153","PA4153",32814867,
"Fur","PA4764","TF","cyoA","PA1317",21833336,
"Fur","PA4764","TF","cyoB","PA1318",21833336,
"Fur","PA4764","TF","cyoC","PA1319",21833336,
"Fur","PA4764","TF","cyoD","PA1320",21833336,
"Fur","PA4764","TF","cyoE","PA1321",21833336,
"Anr","PA1544","TF","nirJ","PA0511",9919648,
"Anr","PA1544","TF","nirL","PA0514",9919648,
"Anr","PA1544","TF","nirF","PA0516",9919648,
"Anr","PA1544","TF","nirN","PA0509",9919648,
"Anr","PA1544","TF","nirE","PA0510",9919648,
"Anr","PA1544","TF","nirH","PA0512",9919648,
"Anr","PA1544","TF","nirC","PA0517",9919648,
"Anr","PA1544","TF","nirM","PA0518",9919648,
"Anr","PA1544","TF","nirS","PA0519",9919648,
"DhcR","PA1998","TF","dhcA","PA1999",20304990,
"DhcR","PA1998","TF","dhcB","PA2000",20304990,
"DhcR","PA1998","TF","atoB","PA2001",20304990,
"PvdS","PA2426","TF","pvdA","PA2386",12686626,
"PvdS","PA2426","TF","pvdF","PA2396",12686626,
"PvdS","PA2426","TF","pvdE","PA2397",12686626,
"PvdS","PA2426","TF","pvdD","PA2399",12686626,
"PvdS","PA2426","TF","pvdJ","PA2400",12686626,
"PvdS","PA2426","TF","pvdI","PA2402",12686626,
"MmsR","PA3571","TF","mmsA","PA3570",1339433,
"MmsR","PA3571","TF","mmsB","PA3569",1339433,
"PqsR","PA1003","TF","phzA1","PA4210",26735915,
"PqsR","PA1003","TF","phzB1","PA4211",26735915,
"PqsR","PA1003","TF","phzC1","PA4212",26735915,
"PqsR","PA1003","TF","phzD1","PA4213",26735915,
"PqsR","PA1003","TF","phzE1","PA4214",26735915,
"PqsR","PA1003","TF","phzF1","PA4215",26735915,
"PqsR","PA1003","TF","phzG1","PA4216",26735915,
"RhlR","PA3477","TF","phzA1","PA4210",26735915,
"RhlR","PA3477","TF","phzB1","PA4211",26735915,
"RhlR","PA3477","TF","phzC1","PA4212",26735915,
"RhlR","PA3477","TF","phzD1","PA4213",26735915,
"RhlR","PA3477","TF","phzE1","PA4214",26735915,
"RhlR","PA3477","TF","phzF1","PA4215",26735915,
"RhlR","PA3477","TF","phzG1","PA4216",26735915,
"QscR","PA1898","TF","phzA1","PA4210",26735915,
"QscR","PA1898","TF","phzB1","PA4211",26735915,
"QscR","PA1898","TF","phzC1","PA4212",26735915,
"QscR","PA1898","TF","phzD1","PA4213",26735915,
"QscR","PA1898","TF","phzE1","PA4214",26735915,
"QscR","PA1898","TF","phzF1","PA4215",26735915,
"QscR","PA1898","TF","phzG1","PA4216",26735915,
"QscR","PA1898","TF","phzA2","PA1899",26735915,
"QscR","PA1898","TF","phzB2","PA1900",26735915,
"QscR","PA1898","TF","phzC2","PA1901",26735915,
"QscR","PA1898","TF","phzD2","PA1902",26735915,
"QscR","PA1898","TF","phzE2","PA1903",26735915,
"QscR","PA1898","TF","phzF2","PA1904",26735915,
"QscR","PA1898","TF","phzG2","PA1905",26735915,
"CzcR","PA2523","TF","czcC","PA2522",17449606,
"CzcR","PA2523","TF","czcB","PA2521",17449606,
"CzcR","PA2523","TF","czcA","PA2520",17449606,
"SouR","PA4184","TF","glyA1","PA5415",26503852,
"SouR","PA4184","TF","soxB","PA5416",26503852,
"SouR","PA4184","TF","soxD","PA5417",26503852,
"SouR","PA4184","TF","soxA","PA5418",26503852,
"SouR","PA4184","TF","soxG","PA5419",26503852,
"SouR","PA4184","TF","purU2","PA5420",26503852,
"GbdR","PA5380","TF","glyA1","PA5415",26503852,
"GbdR","PA5380","TF","soxB","PA5416",26503852,
"GbdR","PA5380","TF","soxD","PA5417",26503852,
"GbdR","PA5380","TF","soxA","PA5418",26503852,
"GbdR","PA5380","TF","soxG","PA5419",26503852,
"GbdR","PA5380","TF","purU2","PA5420",26503852,
"AmrZ","PA3385","TF","pslA","PA2231",23354748,
"AmrZ","PA3385","TF","pslB","PA2232",23354748,
"AmrZ","PA3385","TF","pslC","PA2233",23354748,
"AmrZ","PA3385","TF","pslD","PA2234",23354748,
"AmrZ","PA3385","TF","pslE","PA2235",23354748,
"AmrZ","PA3385","TF","pslF","PA2236",23354748,
"AmrZ","PA3385","TF","pslG","PA2237",23354748,
"AmrZ","PA3385","TF","pslH","PA2238",23354748,
"AmrZ","PA3385","TF","pslJ","PA2240",23354748,
"AmrZ","PA3385","TF","pslK","PA2241",23354748,
"AmrZ","PA3385","TF","pslL","PA2242",23354748,
"GbuR","PA1422","TF","PA1419","PA1419",12029055,
"GbuR","PA1422","TF","PA1420","PA1420",12029055,
"GbuR","PA1422","TF","gbuA","PA1421",12029055,
"Anr","PA1544","TF","moaA1","PA3914",23967252,
"Anr","PA1544","TF","moaB1","PA3915",23967252,
"Anr","PA1544","TF","moaE","PA3916",23967252,
"Anr","PA1544","TF","moaD","PA3917",23967252,
"Anr","PA1544","TF","moaC","PA3918",23967252,
"Dnr","PA1544","TF","moaA1","PA3914",23967252,
"Dnr","PA1544","TF","moaB1","PA3915",23967252,
"Dnr","PA0527","TF","moaE","PA3916",23967252,
"Dnr","PA0527","TF","moaD","PA3917",23967252,
"Dnr","PA0527","TF","moaC","PA3918",23967252,
"DguR","PA5085","TF","dguA","PA5084",25082951,
"DguR","PA5085","TF","dguB","PA5083",25082951,
"DguR","PA5085","TF","dguC","PA5082",25082951,
"AgmR","PA1978","TF","exaA","PA1982",15184571,
"AgmR","PA1978","TF","exaB","PA1983",15184571,
"AgmR","PA1978","TF","exaC","PA1984",15184571,
"AHL",,"Compound","PA2328","PA2328",21261883,
"AHL",,"Compound","PA2329","PA2329",21261883,
"AHL",,"Compound","PA2330","PA2330",21261883,
"AHL",,"Compound","PA2331","PA2331",21261883,
"GlpR","PA3583","TF","glpF","PA3581",8752340,
"GlpR","PA3583","TF","glpK","PA3582",8752340,
"GlpR","PA3583","TF","glpD","PA3584",8752340,
"FleQ","PA1097","TF","flgB","PA1077",10629180,
"FleQ","PA1097","TF","flgC","PA1078",10629180,
"FleQ","PA1097","TF","flgD","PA1079",10629180,
"FleQ","PA1097","TF","flgE","PA1080",10629180,
"FleQ","PA1097","TF","flgF","PA1081",10629180,
"FleQ","PA1097","TF","flgL","PA1087",10629180,
"FleN","PA1454","TF","flgB","PA1077",10629180,
"FleN","PA1454","TF","flgC","PA1078",10629180,
"FleN","PA1454","TF","flgD","PA1079",10629180,
"FleN","PA1454","TF","flgE","PA1080",10629180,
"FleN","PA1454","TF","flgF","PA1081",10629180,
"FleN","PA1454","TF","flgL","PA1087",10629180,
"ArgR","PA0893","TF","aotJ","PA0888","9286981 15175299",
"ArgR","PA0893","TF","aotQ","PA0889","9286981 15175299",
"ArgR","PA0893","TF","aotM","PA0890","9286981 15175299",
"ArgR","PA0893","TF","aotP","PA0892","9286981 15175299",
"ArgR","PA0893","TF","aruC","PA0895","9286981 15175299",
"ArgR","PA0893","TF","aruF","PA0896","9286981 15175299",
"ArgR","PA0893","TF","aruG","PA0897","9286981 15175299",
"ArgR","PA0893","TF","aruD","PA0898","9286981 15175299",
"ArgR","PA0893","TF","aruB","PA0899","9286981 15175299",
"ArgR","PA0893","TF","aruE","PA0901","9286981 15175299",
"ArgR","PA0893","TF","gdhB","PA3068","9286981 15175299",
"ArgR","PA0893","TF","argG","PA3525","9286981 15175299",
"ArgR","PA0893","TF","argF","PA3537","9286981 15175299",
"ArgR","PA0893","TF","gdhA","PA4588","9286981 15175299",
"ArgR","PA0893","TF","gltB","PA5036","9286981 15175299",
"ArgR","PA0893","TF","arcD","PA5170","9286981 15175299",
"ArgR","PA0893","TF","arcB","PA5172","9286981 15175299",
"ArgR","PA0893","TF","arcA","PA5171","9286981 15175299",
"FpvR","PA2388","TF","fpvG","PA2403","24923658 30386787",
"FpvR","PA2388","TF","fpvH","PA2404","24923658 30386787",
"FpvR","PA2388","TF","fpvJ","PA2405","24923658 30386787",
"FpvR","PA2388","TF","fpvK","PA2406","24923658 30386787",
"FpvR","PA2388","TF","fpvC","PA2407","24923658 30386787",
"FpvR","PA2388","TF","fpvD","PA2408","24923658 30386787",
"FpvR","PA2388","TF","fpvE","PA2409","24923658 30386787",
"FpvR","PA2388","TF","fpvF","PA2410","24923658 30386787",
"PvdS","PA2426","TF","fpvG","PA2403","24923658 30386787",
"PvdS","PA2426","TF","fpvH","PA2404","24923658 30386787",
"PvdS","PA2426","TF","fpvJ","PA2405","24923658 30386787",
"PvdS","PA2426","TF","fpvK","PA2406","24923658 30386787",
"PvdS","PA2426","TF","fpvC","PA2407","24923658 30386787",
"PvdS","PA2426","TF","fpvD","PA2408","24923658 30386787",
"PvdS","PA2426","TF","fpvE","PA2409","24923658 30386787",
"PvdS","PA2426","TF","fpvF","PA2410","24923658 30386787",
"FpvI","PA2387","TF","fpvG","PA2403","24923658 30386787",
"FpvI","PA2387","TF","fpvH","PA2404","24923658 30386787",
"FpvI","PA2387","TF","fpvJ","PA2405","24923658 30386787",
"FpvI","PA2387","TF","fpvK","PA2406","24923658 30386787",
"FpvI","PA2387","TF","fpvC","PA2407","24923658 30386787",
"FpvI","PA2387","TF","fpvD","PA2408","24923658 30386787",
"FpvI","PA2387","TF","fpvE","PA2409","24923658 30386787",
"FpvI","PA2387","TF","fpvF","PA2410","24923658 30386787",
"LasR","PA1430","TF","aprD","PA1246",30190495,
"LasR","PA1430","TF","aprE","PA1247",30190495,
"LasR","PA1430","TF","aprF","PA1248",30190495,
"LasR","PA1430","TF","aprA","PA1249",30190495,
"LasR","PA1430","TF","aprI","PA1250",30190495,
"MvfR","PA1003","TF","ambE","PA2302",27456813,
"MvfR","PA1003","TF","ambD","PA2303",27456813,
"MvfR","PA1003","TF","ambC","PA2304",27456813,
"MvfR","PA1003","TF","ambB","PA2305",27456813,
"FruR","PA3563","TF","fruA","PA3560",14563858,
"FruR","PA3563","TF","fruK","PA3561",14563858,
"FruR","PA3563","TF","fruI","PA3562",14563858,
"EatR","PA4021","TF","eutB","PA4024",27325678,
"EatR","PA4021","TF","eutC","PA4025",27325678,
"EatR","PA4021","TF","eutP","PA4023",27325678,
"EatR","PA4021","TF","exaC","PA1984",27325678,
"RpoN","PA4462","TF","eutB","PA4024",27325678,
"RpoN","PA4462","TF","eutC","PA4025",27325678,
"RpoN","PA4462","TF","eutP","PA4023",27325678,
"RpoN","PA4462","TF","exaC","PA1984",27325678,
"Anr","PA1544","TF","hcnA","PA2193",11092854,
"Anr","PA1544","TF","hcnB","PA2194",11092854,
"Anr","PA1544","TF","hcnC","PA2195",11092854,
"LasR","PA1430","TF","hcnA","PA2193",11092854,
"LasR","PA1430","TF","hcnB","PA2194",11092854,
"LasR","PA1430","TF","hcnC","PA2195",11092854,
"RhlR","PA3477","TF","hcnA","PA2193",11092854,
"RhlR","PA3477","TF","hcnB","PA2194",11092854,
"RhlR","PA3477","TF","hcnC","PA2195",11092854,
"PchR","PA4227","TF","pchD","PA4228",8982005,11208777
"PchR","PA4227","TF","pchC","PA4229",8982005,11208777
"PchR","PA4227","TF","pchB","PA4230",8982005,11208777
"PchR","PA4227","TF","pchA","PA4231",8982005,11208777
"PchR","PA4227","TF","PA4222","PA4222",8982005,11208777
"PchR","PA4227","TF","PA4223","PA4223",8982005,11208777
"PchR","PA4227","TF","pchG","PA4224",8982005,11208777
"PchR","PA4227","TF","pchF","PA4225",8982005,11208777
"PchR","PA4227","TF","pchE","PA4226",8982005,11208777
"ErbR","PA1978","TF","pqqA","PA1985",19902179,
"ErbR","PA1978","TF","pqqB","PA1986",19902179,
"ErbR","PA1978","TF","pqqC","PA1987",19902179,
"ErbR","PA1978","TF","pqqD","PA1988",19902179,
"ErbR","PA1978","TF","pqqE","PA1989",19902179,
"ErbR","PA1978","TF","pqqH","PA1990",19902179,
"PprB","PA4296","TF","tadD","PA4299",19151143,
"PprB","PA4296","TF","tadC","PA4300",19151143,
"PprB","PA4296","TF","tadB","PA4301",19151143,
"PprB","PA4296","TF","tadA","PA4302",19151143,
"PprB","PA4296","TF","tadZ","PA4303",19151143,
"AntR","PA2511","TF","catA","PA2507",20498077,
"AntR","PA2511","TF","catC","PA2508",20498077,
"AntR","PA2511","TF","catB","PA2509",20498077,
"AntR","PA2511","TF","antA","PA2512",20498077,
"AntR","PA2511","TF","antB","PA2513",20498077,
"AntR","PA2511","TF","antC","PA2514",20498077,
"CpxR","PA3204","TF","opmB","PA2525",27736975,
"CpxR","PA3204","TF","muxC","PA2526",27736975,
"CpxR","PA3204","TF","muxB","PA2527",27736975,
"CpxR","PA3204","TF","muxA","PA2528",27736975,
"RpoS","PA3622","TF","coxB","PA0105",14763974,
"RpoS","PA3622","TF","coxA","PA0106",14763974,
"RpoS","PA3622","TF","PA0107","PA0107",14763974,
"RpoS","PA3622","TF","coIII","PA0108",14763974,
"AlgU","PA0762","TF","mucA","PA0763",15516570,
"AlgU","PA0762","TF","mucB","PA0764",15516570,
"AlgU","PA0762","TF","mucC","PA0765",15516570,
"AlgU","PA0762","TF","mucD","PA0766",15516570,
"MexS","PA2491","TF","mexE","PA2493",21078928,
"MexS","PA2491","TF","mexF","PA2494",21078928,
"MexS","PA2491","TF","OprN","PA2495",21078928,
"MexT","PA2492","TF","mexE","PA2493",21078928,
"MexT","PA2492","TF","mexF","PA2494",21078928,
"MexT","PA2492","TF","OprN","PA2495",21078928,
"Vfr","PA1003","TF","pqsA","PA0996",24239007,
"Vfr","PA1003","TF","pqsB","PA0997",24239007,
"Vfr","PA1003","TF","pqsC","PA0998",24239007,
"Vfr","PA1003","TF","pqsD","PA0999",24239007,
"Vfr","PA1003","TF","pqsE","PA1000",24239007,
"Vfr","PA1003","TF","phnA","PA1001",15686549,
"Vfr","PA1003","TF","phnB","PA1002",15686549,
"Sigma factor X","PA1776","TF","braG","PA1070","Pseudomonas.com",
"Sigma factor X","PA1776","TF","braF","PA1071","Pseudomonas.com",
"Sigma factor X","PA1776","TF","braE","PA1072","Pseudomonas.com",
"Sigma factor X","PA1776","TF","braD","PA1073","Pseudomonas.com",
"Sigma factor X","PA1776","TF","braC","PA1074","Pseudomonas.com",
"FleQ","PA1097","TF","fliM","PA1443",10629180,
"FleQ","PA1097","TF","fliN","PA1444",10629180,
"FleQ","PA1097","TF","fliO","PA1445",10629180,
"FleQ","PA1097","TF","fliP","PA1446",10629180,
"FleQ","PA1097","TF","fliQ","PA1447",10629180,
"FleQ","PA1097","TF","fliE","PA1100",10629180,
"FleQ","PA1097","TF","fliF","PA1101",10629180,
"FleQ","PA1097","TF","fliG","PA1102",10629180,
"FleQ","PA1097","TF","fleS","PA1098",10629180,
"FleQ","PA1097","TF","fleR","PA1099",10629180,
"FleN","PA1454","TF","fliM","PA1443",10629180,
"FleN","PA1454","TF","fliN","PA1444",10629180,
"FleN","PA1454","TF","fliO","PA1445",10629180,
"FleN","PA1454","TF","fliP","PA1446",10629180,
"FleN","PA1454","TF","fliQ","PA1447",10629180,
"FleN","PA1454","TF","fliE","PA1100",10629180,
"FleN","PA1454","TF","fliF","PA1101",10629180,
"FleN","PA1454","TF","fliG","PA1102",10629180,
"FleN","PA1454","TF","fleS","PA1098",10629180,
"FleN","PA1454","TF","fleR","PA1099",10629180,
"TagR1","PA0071","TF","ppkA","PA0074",19400797,
"TagR1","PA0071","TF","pppA","PA0075",19400797,
"PhhR","PA0873","TF","phhC","PA0870",10217769,
"PhhR","PA0873","TF","phhB","PA0871",10217769,
"PhhR","PA0873","TF","phhA","PA0872",10217769,
"PhhR","PA0873","TF","dhcA","PA1999",10217769,
"PhhR","PA0873","TF","dhcB","PA2000",10217769,
"Sfa2","PA1663","TF","hsiA1","PA1656",25721475,
"Sfa2","PA1663","TF","hsiB2","PA1657",25721475,
"Sfa2","PA1663","TF","hsiC2","PA1658",25721475,
"Sfa2","PA1663","TF","hsiF2","PA1659",25721475,
"Sfa2","PA1663","TF","hsiG2","PA1660",25721475,
"Sfa2","PA1663","TF","hsiF2","PA1661",25721475,
"Sfa2","PA1663","TF","clpV2","PA1662",25721475,
"Sfa2","PA1663","TF","sfa2","PA1663",25721475,
"Sfa2","PA1663","TF","orfX","PA1664",25721475,
"Sfa2","PA1663","TF","fha2","PA1665",25721475,
"Sfa2","PA1663","TF","lip2","PA1666",25721475,
"Sfa2","PA1663","TF","hsiJ2","PA1667",25721475,
"Sfa2","PA1663","TF","dotU2","PA1668",25721475,
"Sfa2","PA1663","TF","icmF2","PA1669",25721475,
"Sfa2","PA1663","TF","stp1","PA1670",25721475,
"Sfa2","PA1663","TF","stk1","PA1671",25721475,
"CopR","PA2809","TF","pcoA","PA2064",28760827,
"CopR","PA2809","TF","pcoB","PA2065",28760827,
"EsrC","PA4596","TF","oprJ","PA4597",25143244,
"EsrC","PA4596","TF","mexD","PA4598",25143244,
"EsrC","PA4596","TF","mexC","PA4599",25143244,
"NfxB","PA4600","TF","oprJ","PA4597",25143244,
"NfxB","PA4600","TF","mexD","PA4598",25143244,
"NfxB","PA4600","TF","mexC","PA4599",25143244,
"Prrf",,"sRNA","leuD","PA3120",30962354,
"Prrf",,"sRNA","leuC","PA3121",30962354,
"ModR","PA0487","TF","modA","PA1863","Pseudomonas.com",
"ModR","PA0487","TF","modB","PA1862","Pseudomonas.com",
"ModR","PA0487","TF","modC","PA1861","Pseudomonas.com",
"NarL","PA3879","TF","narI","PA3872",21833336,
"NarL","PA3879","TF","narJ","PA3873",21833336,
"NarL","PA3879","TF","narH","PA3874",21833336,
"NarL","PA3879","TF","narG","PA3875",21833336,
"NarL","PA3879","TF","narK2","PA3876",21833336,
"NarL","PA3879","TF","narK1","PA3877",21833336,
"AtsR","PA0186","TF","atsA","PA0183",10715018,
"AtsR","PA0186","TF","atsC","PA0184",10715018,
"AtsR","PA0186","TF","atsB","PA0185",10715018,
"PA1226","PA1226","TF","PA0754","PA0754",29995308,
"PA1226","PA1226","TF","yneJ","PA1413",29995308,
"PA1226","PA1226","TF","fpvG","PA2403",29995308,
"PA1226","PA1226","TF","fpvH","PA2404",29995308,
"PA1226","PA1226","TF","fpvJ","PA2405",29995308,
"PA1226","PA1226","TF","fpvK","PA2406",29995308,
"PA1226","PA1226","TF","potF4","PA2711",29995308,
"PA1226","PA1226","TF","wbpI","PA3148",29995308,
"PA1226","PA1226","TF","wbpH","PA3149",29995308,
"PA1226","PA1226","TF","wbpG","PA3150",29995308,
"PA1226","PA1226","TF","algD","PA3540",29995308,
"PA1226","PA1226","TF","alg8","PA3541",29995308,
"PA1226","PA1226","TF","alg44","PA3542",29995308,
"PA1226","PA1226","TF","algK","PA3543",29995308,
"PA1226","PA1226","TF","algE","PA3544",29995308,
"PA1226","PA1226","TF","algG","PA3545",29995308,
"PA1226","PA1226","TF","algX","PA3546",29995308,
"PA1226","PA1226","TF","algL","PA3547",29995308,
"PA1226","PA1226","TF","algI","PA3548",29995308,
"PA1226","PA1226","TF","PA3927","PA3927",29995308,
"PA1226","PA1226","TF","NmoR","PA4203",29995308,
"PA1226","PA1226","TF","fimU","PA4550",29995308,
"PA1226","PA1226","TF","pilV","PA4551",29995308,
"PA1226","PA1226","TF","pilW","PA4552",29995308,
"PA1226","PA1226","TF","pilX","PA4553",29995308,
"PA1226","PA1226","TF","pilY1","PA4554",29995308,
"PA1226","PA1226","TF","pilY2","PA4555",29995308,
"PA1226","PA1226","TF","pilE","PA4556",29995308,
"PA1226","PA1226","TF","PA5284","PA5284",29995308,
"FoxR","PA2467","TF","foxI","PA2468",16484199,
"FoxR","PA2467","TF","foxA","PA2466",16484199,
"Fur","PA1544","TF","foxI","PA2468",16484199,
"Fur","PA1544","TF","foxA","PA2466",16484199,
"MvaT","PA4315","TF","cupA1","PA2128",15090530,
"MvaT","PA4315","TF","cupA2","PA2129",15090530,
"MvaT","PA4315","TF","cupA3","PA2130",15090530,
"MvaT","PA4315","TF","cupA4","PA2131",15090530,
"MvaT","PA4315","TF","cupA5","PA2132",15090530,
"RpoS","PA3622","TF","napC","PA1172",14763974,
"RpoS","PA3622","TF","napB","PA1173",14763974,
"RpoS","PA3622","TF","napA","PA1174",14763974,
"RpoS","PA3622","TF","napD","PA1175",14763974,
"RpoS","PA3622","TF","napF","PA1176",14763974,
"RpoS","PA3622","TF","napE","PA1177",14763974,
"ErbR","PA1978","TF","exaA","PA1982",19902179,
"ErbR","PA1978","TF","exaB","PA1983",19902179,
"ErbR","PA1978","TF","exaC","PA1984",19902179,
"ErbR","PA1978","TF","pqqA","PA1985",19902179,
"ErbR","PA1978","TF","pqqB","PA1986",19902179,
"ErbR","PA1978","TF","pqqC","PA1987",19902179,
"ErbR","PA1978","TF","pqqD","PA1988",19902179,
"ErbR","PA1978","TF","pqqE","PA1989",19902179,
"ErbR","PA1978","TF","pqqH","PA1990",19902179,
"ErbR","PA1978","TF","eraS","PA1979",19902179,
"ErbR","PA1978","TF","eraR","PA1980",19902179,
"AmpR","PA4109","TF","ampC","PA4110",16251318,
"AmpR","PA4109","TF","PA4111","PA4111",16251318,
"XisF4","PA0716","TF","PA0718","PA0718",30475408,
"XisF4","PA0716","TF","PA0719","PA0719",30475408,
"XisF4","PA0716","TF","PA0720","PA0720",30475408,
"XisF4","PA0716","TF","PA0721","PA0721",30475408,
"XisF4","PA0716","TF","PA0722","PA0722",30475408,
"XisF4","PA0716","TF","coaB","PA0723",30475408,
"XisF4","PA0716","TF","coaA","PA0724",30475408,
"XisF4","PA0716","TF","PA0725","PA0725",30475408,
"XisF4","PA0716","TF","PA0726","PA0726",30475408,
"XisF4","PA0716","TF","PA0727","PA0727",30475408,
"XisF4","PA0716","TF","PA0728","PA0728",30475408,
"AmiE","PA3366","TF","PA2110","PA2110",28981745,
"AmiE","PA3366","TF","PA2111","PA2111",28981745,
"AmiE","PA3366","TF","PA2112","PA2112",28981745,
"AmiE","PA3366","TF","opdO","PA2113",28981745,
"AmiE","PA3366","TF","PA2114","PA2114",28981745,
"ExsB","PA1712","TF","pscB","PA1715",25690097,
"ExsB","PA1712","TF","pscC","PA1716",25690097,
"ExsB","PA1712","TF","pscD","PA1717",25690097,
"ExsB","PA1712","TF","pscE","PA1718",25690097,
"ExsB","PA1712","TF","pscF","PA1719",25690097,
"ExsB","PA1712","TF","pscG","PA1720",25690097,
"ExsB","PA1712","TF","pscH","PA1721",25690097,
"ExsB","PA1712","TF","pscI","PA1722",25690097,
"ExsB","PA1712","TF","pscJ","PA1723",25690097,
"ExsB","PA1712","TF","pscK","PA1724",25690097,
"ExsB","PA1712","TF","pscL","PA1725",25690097,
"ExsB","PA1712","TF","popB","PA1708",25690097,
"ExsB","PA1712","TF","pcrV","PA1706",25690097,
"AauR","PA1335","TF","aatP","PA1339",25082951,
"AauR","PA1335","TF","aatM","PA1340",25082951,
"AauR","PA1335","TF","aatQ","PA1341",25082951,
"AauR","PA1335","TF","aatJ","PA1342",25082951,
"PmrA","PA4776","TF","arnB","PA3552","Pseudomonas.com",
"PmrA","PA4776","TF","arnC","PA3553","Pseudomonas.com",
"PmrA","PA4776","TF","arnA","PA3554","Pseudomonas.com",
"PmrA","PA4776","TF","arnD","PA3555","Pseudomonas.com",
"PmrA","PA4776","TF","arnT","PA3556","Pseudomonas.com",
"PmrA","PA4776","TF","arnE","PA3557","Pseudomonas.com",
"PmrA","PA4776","TF","arnF","PA3558","Pseudomonas.com",
"Anr","PA1544","TF","arcD","PA5170",1325563,
"Anr","PA1544","TF","arcB","PA5172",1325563,
"Anr","PA1544","TF","arcA","PA5171",1325563,
"Anr","PA1544","TF","arcC","PA5173",1325563,
"Anr","PA1544","TF","nirN","PA0509",26078448,
"Anr","PA1544","TF","nirE","PA0510",26078448,
"Anr","PA1544","TF","nirJ","PA0511",26078448,
"Anr","PA1544","TF","nirH","PA0512",26078448,
"Anr","PA1544","TF","nirG","PA0513",26078448,
"Anr","PA1544","TF","nirL","PA0514",26078448,
"Anr","PA1544","TF","nirD","PA0515",26078448,
"Anr","PA1544","TF","nirF","PA0516",26078448,
"Anr","PA1544","TF","nirC","PA0517",26078448,
"Anr","PA1544","TF","nirM","PA0518",26078448,
"Anr","PA1544","TF","nirS","PA0519",26078448,
"Anr","PA1544","TF","ccoP2","PA1555",26078448,
"Anr","PA1544","TF","ccoQ2","PA1555.1",26078448,
"Anr","PA1544","TF","ccoO2","PA1556",26078448,
"Anr","PA1544","TF","ccoN2","PA1557",26078448,
"AlgR","PA5261","TF","fimU","PA4550",29995308,
"AlgR","PA5261","TF","pilV","PA4551",29995308,
"AlgR","PA5261","TF","pilW","PA4552",29995308,
"AlgR","PA5261","TF","pilX","PA4553",29995308,
"AlgR","PA5261","TF","pilY1","PA4554",29995308,
"AlgR","PA5261","TF","pilY2","PA4555",29995308,
"CbrB","PA4726","TF","spuA","PA0297",16849793,
"CbrB","PA4726","TF","spuB","PA0298",16849793,
"CbrB","PA4726","TF","spuC","PA0299",16849793,
"CbrB","PA4726","TF","spuD","PA0300",16849793,
"CbrB","PA4726","TF","apuE","PA0301",16849793,
"CbrB","PA4726","TF","spuA","PA0297",16849793,
"CbrB","PA4726","TF","spuB","PA0298",16849793,
"CbrB","PA4726","TF","spuC","PA0299",16849793,
"CbrB","PA4726","TF","spuD","PA0300",16849793,
"CbrB","PA4726","TF","spuE","PA0301",16849793,
"CbrB","PA4726","TF","spuF","PA0302",16849793,
"CbrB","PA4726","TF","spuG","PA0303",16849793,
"CbrB","PA4726","TF","spuH","PA0304",16849793,
"BauR","PA0133","TF","spuA","PA0297",21622750,
"BauR","PA0133","TF","spuB","PA0298",21622750,
"BauR","PA0133","TF","spuC","PA0299",21622750,
"BauR","PA0133","TF","spuD","PA0300",21622750,
"BauR","PA0133","TF","spuE","PA0301",21622750,
"BauR","PA0133","TF","spuF","PA0302",21622750,
"BauR","PA0133","TF","spuG","PA0303",21622750,
"BauR","PA0133","TF","spuH","PA0304",21622750,
"Sigma-70","PA4896","TF","PA0614","PA0614",18086184,
"Sigma-70","PA4896","TF","PA0615","PA0615",18086184,
"Sigma-70","PA4896","TF","PA0616","PA0616",18086184,
"Sigma-70","PA4896","TF","PA0617","PA0617",18086184,
"Sigma-70","PA4896","TF","PA0618","PA0618",18086184,
"Sigma-70","PA4896","TF","PA0619","PA0619",18086184,
"Sigma-70","PA4896","TF","PA0620","PA0620",18086184,
"Sigma-70","PA4896","TF","PA0621","PA0621",18086184,
"Sigma-70","PA4896","TF","PA0622","PA0622",18086184,
"Sigma-70","PA4896","TF","PA0623","PA0623",18086184,
"Sigma-70","PA4896","TF","PA0624","PA0624",18086184,
"Sigma-70","PA4896","TF","PA0625","PA0625",18086184,
"Sigma-70","PA4896","TF","PA0626","PA0626",18086184,
"Sigma-70","PA4896","TF","PA0627","PA0627",18086184,
"Sigma-70","PA4896","TF","PA0628","PA0628",18086184,
"Sigma-70","PA4896","TF","PA0629","PA0629",18086184,
"Sigma-70","PA4896","TF","PA0630","PA0630",18086184,
"Sigma-70","PA4896","TF","PA0631","PA0631",18086184,
"Sigma-70","PA4896","TF","PA0633","PA0633",18086184,
"Sigma-70","PA4896","TF","PA0634","PA0634",18086184,
"Sigma-70","PA4896","TF","PA0635","PA0635",18086184,
"Sigma-70","PA4896","TF","PA0636","PA0636",18086184,
"Sigma-70","PA4896","TF","PA0637","PA0637",18086184,
"Sigma-70","PA4896","TF","PA0638","PA0638",18086184,
"Sigma-70","PA4896","TF","PA0639","PA0639",18086184,
"Sigma-70","PA4896","TF","PA0640","PA0640",18086184,
"Sigma-70","PA4896","TF","PA0641","PA0641",18086184,
"Sigma-70","PA4896","TF","PA0643","PA0643",18086184,
"Sigma-70","PA4896","TF","PA0644","PA0644",18086184,
"Sigma-70","PA4896","TF","PA0645","PA0645",18086184,
"Dnr","PA0527","TF","nirN","PA0509",23967252,
"Dnr","PA0527","TF","nirE","PA0510",23967252,
"Dnr","PA0527","TF","nirJ","PA0511",23967252,
"Dnr","PA0527","TF","nirH","PA0512",23967252,
"Dnr","PA0527","TF","nirG","PA0513",23967252,
"Dnr","PA0527","TF","nirL","PA0514",23967252,
"Dnr","PA0527","TF","nirD","PA0515",23967252,
"Dnr","PA0527","TF","nirF","PA0516",23967252,
"Dnr","PA0527","TF","nirC","PA0517",23967252,
"Dnr","PA0527","TF","nirM","PA0518",23967252,
"Dnr","PA0527","TF","nirS","PA0519",23967252,
"Dnr","PA0527","TF","nirQ","PA0520",23967252,
"Dnr","PA0527","TF","nirO","PA0521",23967252,
"Dnr","PA0527","TF","nirP","PA0522",23967252,
"MdcR","PA0217","TF","mdcA","PA0208",31086830,
"MdcR","PA0217","TF","mdcB","PA0209",31086830,
"MdcR","PA0217","TF","mdcC","PA0210",31086830,
"MdcR","PA0217","TF","mdcD","PA0211",31086830,
"MdcR","PA0217","TF","mdcE","PA0212",31086830,
"MdcR","PA0217","TF","mdcG","PA0213",31086830,
"MdcR","PA0217","TF","mdcH","PA0214",31086830,
"GltR","PA3192","TF","gltK","PA3187",28981745,
"GltR","PA3192","TF","gltG","PA3188",28981745,
"GltR","PA3192","TF","gltF","PA3189",28981745,
"GltR","PA3192","TF","gltB","PA3190",28981745,
"GltR","PA3192","TF","gltS","PA3191",28981745,
"ParB","PA5562","TF","PA0492","PA0492",29648658,
"ParB","PA5562","TF","PA0493","PA0493",29648658,
"ParB","PA5562","TF","PA0494","PA0494",29648658,
"ParB","PA5562","TF","PA0495","PA0495",29648658,
"ParB","PA5562","TF","PA0496","PA0496",29648658,
"k-opioid",,"Compound","PA1211","PA1211",22514685,
"k-opioid",,"Compound","PA1212","PA1212",22514685,
"k-opioid",,"Compound","PA1213","PA1213",22514685,
"k-opioid",,"Compound","PA1214","PA1214",22514685,
"k-opioid",,"Compound","PA1215","PA1215",22514685,
"k-opioid",,"Compound","PA1216","PA1216",22514685,
"k-opioid",,"Compound","PA1217","PA1217",22514685,
"k-opioid",,"Compound","PA1218","PA1218",22514685,
"k-opioid",,"Compound","PA1219","PA1219",22514685,
"k-opioid",,"Compound","PA1220","PA1220",22514685,
"k-opioid",,"Compound","PA1221","PA1221",22514685,
"RsmA","PA0905","TF","hpcG","PA4127",16436429,
"RsmA","PA0905","TF","hpcH","PA4128",16436429,
"RsmA","PA0905","TF","PA4129","PA4129",16436429,
"RsmA","PA0905","TF","PA4130","PA4130",16436429,
"RsmA","PA0905","TF","PA4131","PA4131",16436429,
"RsmA","PA0905","TF","mpaR","PA4132",16436429,
"RsmA","PA0905","TF","PA4133","PA4133",16436429,
"RsmA","PA0905","TF","PA4134","PA4134",16436429,
"RpoN","PA4462","TF","PA2134","PA2134",22210761,
"RpoN","PA4462","TF","PA2135","PA2135",22210761,
"RpoN","PA4462","TF","PA2136","PA2136",22210761,
"RpoN","PA4462","TF","PA2140","PA2140",22210761,
"RpoN","PA4462","TF","PA2141","PA2141",22210761,
"RpoN","PA4462","TF","PA2142","PA2142",22210761,
"RpoN","PA4462","TF","PA2143","PA2143",22210761,
"RpoN","PA4462","TF","glgP","PA2144",22210761,
"RpoN","PA4462","TF","PA2146","PA2146",22210761,
"RpoN","PA4462","TF","katE","PA2147",22210761,
"RpoN","PA4462","TF","PA2148","PA2148",22210761,
"RpoN","PA4462","TF","PA2149","PA2149",22210761,
"RpoN","PA4462","TF","PA2150","PA2150",22210761,
"RpoN","PA4462","TF","PA2151","PA2151",22210761,
"RpoN","PA4462","TF","PA2152","PA2152",22210761,
"RpoN","PA4462","TF","glgB","PA2153",22210761,
"RpoN","PA4462","TF","PA2154","PA2154",22210761,
"RpoN","PA4462","TF","PA2155","PA2155",22210761,
"RpoN","PA4462","TF","PA2156","PA2156",22210761,
"RpoN","PA4462","TF","PA2157","PA2157",22210761,
"RpoN","PA4462","TF","PA2158","PA2158",22210761,
"RpoN","PA4462","TF","PA2159","PA2159",22210761,
"RpoN","PA4462","TF","PA2160","PA2160",22210761,
"RpoN","PA4462","TF","PA2161","PA2161",22210761,
"RpoN","PA4462","TF","PA2162","PA2162",22210761,
"RpoN","PA4462","TF","PA2163","PA2163",22210761,
"RpoN","PA4462","TF","PA2164","PA2164",22210761,
"RpoN","PA4462","TF","PA2165","PA2165",22210761,
"RpoN","PA4462","TF","PA2166","PA2166",22210761,
"RpoN","PA4462","TF","PA2167","PA2167",22210761,
"RpoN","PA4462","TF","PA2168","PA2168",22210761,
"RpoN","PA4462","TF","PA2169","PA2169",22210761,
"RpoN","PA4462","TF","PA2170","PA2170",22210761,
"RpoN","PA4462","TF","PA2171","PA2171",22210761,
"RpoN","PA4462","TF","PA2172","PA2172",22210761,
"RpoN","PA4462","TF","PA2173","PA2173",22210761,
"RpoN","PA4462","TF","PA2173a","PA2173a",22210761,
"RpoN","PA4462","TF","PA2175","PA2175",22210761,
"RpoN","PA4462","TF","PA2178","PA2178",22210761,
"RpoN","PA4462","TF","PA2179","PA2179",22210761,
"RpoN","PA4462","TF","PA2180","PA2180",22210761,
"RpoN","PA4462","TF","PA2181","PA2181",22210761,
"RpoN","PA4462","TF","PA2184","PA2184",22210761,
"RpoN","PA4462","TF","PA2187","PA2187",22210761,
"RpoN","PA4462","TF","PA2190","PA2190",22210761,
"RpoN","PA4462","TF","PA2192","PA2192",22210761,
"CysB","PA1754","TF","ssuF","PA3441",10781557,
"CysB","PA1754","TF","ssuB","PA3442",10781557,
"CysB","PA1754","TF","ssuC","PA3443",10781557,
"CysB","PA1754","TF","ssuD","PA3444",10781557,
"CysB","PA1754","TF","ssuA","PA3445",10781557,
"CysB","PA1754","TF","ssuE","PA3446",10781557,
"BexR","PA2432","TF","ycaC","PA1202",20041030,
"BexR","PA2432","TF","PA1203","PA1203",20041030,
"BexR","PA2432","TF","yieF","PA1204",20041030,
"BexR","PA2432","TF","PA1205","PA1205",20041030,
"BexR","PA2432","TF","PA1206","PA1206",20041030,
"BexR","PA2432","TF","kefB","PA1207",20041030,
"BexR","PA2432","TF","PA2698","PA2698",20041030,
"BexR","PA2432","TF","aprA","PA1249",20041030,
"QscR","PA1898","TF","PA1891","PA1891",17075036,
"QscR","PA1898","TF","PA1892","PA1892",17075036,
"QscR","PA1898","TF","PA1893","PA1893",17075036,
"QscR","PA1898","TF","PA1894","PA1894",17075036,
"QscR","PA1898","TF","PA1895","PA1895",17075036,
"QscR","PA1898","TF","PA1896","PA1896",17075036,
"QscR","PA1898","TF","PA1897","PA1897",17075036,
"LaoR","PA0367","TF","laoA","PA0364",29678916,
"LaoR","PA0367","TF","laoB","PA0365",29678916,
"LaoR","PA0367","TF","laoC","PA0366",29678916,
"MexZ","PA2020","TF","mexY","PA2018",20691272,
"MexZ","PA2020","TF","mexX","PA2019",20691272,
"AmiR","PA3363","TF","amiE","PA3366",7642533,
"AmiR","PA3363","TF","amiB","PA3365",7642533,
"AmiR","PA3363","TF","amiC","PA3364",7642533,
"AmiR","PA3363","TF","amiR","PA3363",7642533,
"AmiR","PA3363","TF","amiS","PA3362",7642533,
"RpoH","PA0376","Sigma factor","dnaK","PA4761",18070067,
"RpoH","PA0376","Sigma factor","dnaJ","PA4760",18070067,
"RpoH","PA0376","Sigma factor","grpE","PA4762",18070067,
"RpoH","PA0376","Sigma factor","groeL","PA4385",18070067,
"RpoH","PA0376","Sigma factor","groeS","PA4386",18070067,
"TagR1","PA0071","TF","tagQ1","PA0070",25721475,
"TagR1","PA0071","TF","tagR1","PA0071",25721475,
"TagR1","PA0071","TF","tagS1","PA0072",25721475,
"TagR1","PA0071","TF","tagT1","PA0073",25721475,
"TagR1","PA0071","TF","ppkA","PA0074",25721475,
"TagR1","PA0071","TF","pppA","PA0075",25721475,
"TagR1","PA0071","TF","pppB","PA0076",25721475,
"TagR1","PA0071","TF","icmF1","PA0077",25721475,
"TagR1","PA0071","TF","dotU1","PA0078",25721475,
"TagR1","PA0071","TF","hsiJ1","PA0079",25721475,
"TagR1","PA0071","TF","lip1","PA0080",25721475,
"TagR1","PA0071","TF","fha1","PA0081",25721475,
"TagR1","PA0071","TF","hsiA1","PA0082",25721475,
"TagR1","PA0071","TF","hsiB1","PA0083",25721475,
"TagR1","PA0071","TF","hsiC1","PA0084",25721475,
"TagR1","PA0071","TF","hcp1","PA0085",25721475,
"TagR1","PA0071","TF","hsiE1","PA0086",25721475,
"TagR1","PA0071","TF","hsiF1","PA0087",25721475,
"TagR1","PA0071","TF","hsiG1","PA0088",25721475,
"TagR1","PA0071","TF","hsiH1","PA0089",25721475,
"TagR1","PA0071","TF","clpV1","PA0090",25721475,
"TagR1","PA0071","TF","vgrG1","PA0091",25721475,
"Sfa3","PA2359","TF","sfa3","PA2359",25721475,
"Sfa3","PA2359","TF","hsiA3","PA2360",25721475,
"Sfa3","PA2359","TF","icmF3","PA2361",25721475,
"Sfa3","PA2359","TF","dotU3","PA2362",25721475,
"Sfa3","PA2359","TF","hsiJ3","PA2363",25721475,
"Sfa3","PA2359","TF","lip3","PA2364",25721475,
"Sfa3","PA2359","TF","hsiB3","PA2365",25721475,
"Sfa3","PA2359","TF","hsiC3","PA2366",25721475,
"Sfa3","PA2359","TF","hcp3","PA2367",25721475,
"Sfa3","PA2359","TF","hsiF3","PA2368",25721475,
"Sfa3","PA2359","TF","hsiG3","PA2369",25721475,
"Sfa3","PA2359","TF","hsiH3","PA2370",25721475,
"Sfa3","PA2359","TF","clpV3","PA2371",25721475,
"lrp","PA5308","TF","dadA","PA5304",19666712,
"lrp","PA5308","TF","dadX","PA5302",19666712,
"lrp","PA5308","TF","PA5303","PA5303",19666712,
