regulator,TF_id,trn_type,gene_name,N315_gene_id,gene_id,source
Zur,SA1383,TF,SA2203,SA2203,USA300HOU_RS13055,RegulonDB
Zur,SA1383,TF,SA0806,SA0806,USA300HOU_RS04685,RegulonDB
Zur,SA1383,TF,rpsN2,SA1171,USA300HOU_RS06795,RegulonDB
Zur,SA1383,TF,rpmG2,SAS042,USA300HOU_RS06790,RegulonDB
Zur,SA1383,TF,znuC,SA1385,USA300HOU_RS08305,RegulonDB
Zur,SA1383,TF,znuB,SA1384,USA300HOU_RS08300,RegulonDB
Zur,SA1383,TF,zur,SA1383,USA300HOU_RS08295,RegulonDB
Zur,SA1383,TF,zinT,SA2194,USA300HOU_RS13005,RegulonDB
Zur,SA1383,TF,yciC,SA0410,USA300HOU_RS02265,RegulonDB
Zur,SA1383,TF,SA2370,SA2370,USA300HOU_RS14015,RegulonDB
Zur,SA1383,TF,SA2369,SA2369,USA300HOU_RS14010,RegulonDB
Zur,SA1383,TF,SA2368,SA2368,USA300HOU_RS14005,RegulonDB
YtrA,SA1748,TF,ytrA,SA1748,USA300HOU_RS10500,RegulonDB
YtrA,SA1748,TF,ytrB,SA1747,USA300HOU_RS10495,RegulonDB
YtrA,SA1748,TF,SA1746,SA1746,USA300HOU_RS10490,RegulonDB
YtrA,SA1748,TF,SA1745,SA1745,USA300HOU_RS10485,RegulonDB
YtrA,SA1748,TF,SA1744,SA1744,USA300HOU_RS10480,RegulonDB
BglR,SA0254,TF,yydK,SA0254,USA300HOU_RS01370,RegulonDB
BglR,SA0254,TF,SA0255,SA0255,USA300HOU_RS01375,RegulonDB
BglR,SA0254,TF,bglA,SA0256,USA300HOU_RS01380,RegulonDB
HisR,SA1723,TF,yuiF,SA0804,USA300HOU_RS04675,RegulonDB
HisR,SA1723,TF,SA0805,SA0805,USA300HOU_RS04680,RegulonDB
HisR,SA1723,TF,SA0417,SA0417,USA300HOU_RS02310,RegulonDB
HisR,SA1723,TF,hisZ,SA2472,USA300HOU_RS14550,RegulonDB
HisR,SA1723,TF,hisG,SA2471,USA300HOU_RS14545,RegulonDB
HisR,SA1723,TF,hisD,SA2470,USA300HOU_RS14540,RegulonDB
HisR,SA1723,TF,hisC,SA2469,USA300HOU_RS14535,RegulonDB
HisR,SA1723,TF,hisB,SA2468,USA300HOU_RS14530,RegulonDB
HisR,SA1723,TF,hisH,SA2467,USA300HOU_RS14525,RegulonDB
HisR,SA1723,TF,hisA,SA2466,USA300HOU_RS14520,RegulonDB
HisR,SA1723,TF,hisF,SA2465,USA300HOU_RS14515,RegulonDB
HisR,SA1723,TF,hisIE,SA2464,USA300HOU_RS14510,RegulonDB
HisR,SA1723,TF,hisR,SA1723,USA300HOU_RS10355,RegulonDB
TreR,SA0434,TF,treP,SA0432,USA300HOU_RS02390,RegulonDB
TreR,SA0434,TF,treA,SA0433,USA300HOU_RS02395,RegulonDB
TreR,SA0434,TF,treR,SA0434,USA300HOU_RS02400,RegulonDB
ScrR,SA1847,TF,scrB,SA1846,USA300HOU_RS10990,RegulonDB
ScrR,SA1847,TF,scrK,SA1845,USA300HOU_RS10985,RegulonDB
ScrR,SA1847,TF,scrA,SA2167,USA300HOU_RS12870,RegulonDB
SaeR,SA0661,TF,coa,SA0222,USA300HOU_RS01175,RegulonDB
SaeR,SA0661,TF,tst,SA1819,USA300HOU_RS02145,RegulonDB
SaeR,SA0661,TF,splA,SA1631,USA300HOU_RS09655,RegulonDB
SaeR,SA0661,TF,set15,SA0393,USA300HOU_RS02180,RegulonDB
SaeR,SA0661,TF,SA0394,SA0394,USA300HOU_RS02185,RegulonDB
SaeR,SA0661,TF,set13,SA0389,USA300HOU_RS02155,RegulonDB
SaeR,SA0661,TF,set11,SA0387,USA300HOU_RS02145,RegulonDB
SaeR,SA0661,TF,sbi,SA2206,USA300HOU_RS13085,RegulonDB
SaeR,SA0661,TF,sak,SA1758,USA300HOU_RS10565,RegulonDB
SaeR,SA0661,TF,saeP,SA0663,USA300HOU_RS03825,RegulonDB
SaeR,SA0661,TF,saeR,SA0661,USA300HOU_RS03815,RegulonDB
SaeR,SA0661,TF,saeS,SA0660,USA300HOU_RS03810,RegulonDB
SaeR,SA0661,TF,SA1818,SA1818,USA300HOU_RS04500,RegulonDB
SaeR,SA0661,TF,SA1754,SA1754,USA300HOU_RS10550,RegulonDB
SaeR,SA0661,TF,SA1633,SA1633,USA300HOU_RS09665,RegulonDB
SaeR,SA0661,TF,SA1000,SA1000,USA300HOU_RS05775,RegulonDB
SaeR,SA0661,TF,SA0357,SA0357,USA300HOU_RS01965,RegulonDB
SaeR,SA0661,TF,SA0213,SA0213,USA300HOU_RS01125,RegulonDB
SaeR,SA0661,TF,map,SA1751,USA300HOU_RS10525,RegulonDB
SaeR,SA0661,TF,lukS,SA1813,USA300HOU_RS10875,RegulonDB
SaeR,SA0661,TF,lukF,SA1812,USA300HOU_RS10870,RegulonDB
SaeR,SA0661,TF,lukE,SA1638,USA300HOU_RS09720,RegulonDB
SaeR,SA0661,TF,lukD,SA1637,USA300HOU_RS09715,RegulonDB
SaeR,SA0661,TF,lpl1,SA0396,USA300HOU_RS02195,RegulonDB
SaeR,SA0661,TF,lpl2,SA0397,USA300HOU_RS02240,RegulonDB
SaeR,SA0661,TF,lpl3,SA0398,USA300HOU_RS02235,RegulonDB
SaeR,SA0661,TF,hlgC,SA2208,USA300HOU_RS13100,RegulonDB
SaeR,SA0661,TF,hlgB,SA2209,USA300HOU_RS13105,RegulonDB
SaeR,SA0661,TF,hla,SA1007,USA300HOU_RS05825,RegulonDB
Rex,SA1851,TF,vicR,SA0017,USA300HOU_RS00100,RegulonDB
Rex,SA1851,TF,vicK,SA0018,USA300HOU_RS00105,RegulonDB
Rex,SA1851,TF,srrA,SA1323,USA300HOU_RS07980,RegulonDB
Rex,SA1851,TF,srrB,SA1322,USA300HOU_RS07975,RegulonDB
Rex,SA1851,TF,,SA2268,USA300HOU_RS13450,RegulonDB
Rex,SA1851,TF,pflB,SA0218,USA300HOU_RS01150,RegulonDB
Rex,SA1851,TF,pflA,SA0219,USA300HOU_RS01155,RegulonDB
Rex,SA1851,TF,nirR,SA2189,USA300HOU_RS12980,RegulonDB
Rex,SA1851,TF,nasD,SA2188,USA300HOU_RS12975,RegulonDB
Rex,SA1851,TF,nasE,SA2187,USA300HOU_RS12970,RegulonDB
Rex,SA1851,TF,nasF,SA2186,USA300HOU_RS12965,RegulonDB
Rex,SA1851,TF,nirC,SA0293,USA300HOU_RS01620,RegulonDB
Rex,SA1851,TF,narK,SA2176,USA300HOU_RS12915,RegulonDB
Rex,SA1851,TF,narG,SA2185,USA300HOU_RS12960,RegulonDB
Rex,SA1851,TF,narH,SA2184,USA300HOU_RS12955,RegulonDB
Rex,SA1851,TF,narJ,SA2183,USA300HOU_RS12950,RegulonDB
Rex,SA1851,TF,narI,SA2182,USA300HOU_RS12945,RegulonDB
Rex,SA1851,TF,nreA,SA2181,USA300HOU_RS12940,RegulonDB
Rex,SA1851,TF,nreB,SA2180,USA300HOU_RS12935,RegulonDB
Rex,SA1851,TF,nreC,SA2179,USA300HOU_RS12930,RegulonDB
Rex,SA1851,TF,lctP,SA2156,USA300HOU_RS12805,RegulonDB
Rex,SA1851,TF,ldh,SA0232,USA300HOU_RS01245,RegulonDB
Rex,SA1851,TF,hmp,SA0231,USA300HOU_RS01235,RegulonDB
Rex,SA1851,TF,frp,SA2311,USA300HOU_RS13680,RegulonDB
Rex,SA1851,TF,ddh,SA2312,USA300HOU_RS13685,RegulonDB
Rex,SA1851,TF,arcA,SA2428,USA300HOU_RS14320,RegulonDB
Rex,SA1851,TF,arcB,SA2427,USA300HOU_RS14315,RegulonDB
Rex,SA1851,TF,arcD,SA2426,USA300HOU_RS14310,RegulonDB
Rex,SA1851,TF,arcC,SA2425,USA300HOU_RS14305,RegulonDB
Rex,SA1851,TF,arcR,SA2424,USA300HOU_RS14300,RegulonDB
Rex,SA1851,TF,ald1,SA1272,USA300HOU_RS07360,RegulonDB
Rex,SA1851,TF,adhE,SA0143,USA300HOU_RS00795,RegulonDB
Rex,SA1851,TF,adh1/adhB,SA0562,USA300HOU_RS03215,RegulonDB
RbsR,SA0261,TF,rbsU,SA0260,USA300HOU_RS01410,RegulonDB
RbsR,SA0261,TF,rbsD,SA0259,USA300HOU_RS01405,RegulonDB
RbsR,SA0261,TF,rbsK,SA0258,USA300HOU_RS01400,RegulonDB
RbsR2,,TF,rbsU,SA0260,USA300HOU_RS01410,RegulonDB
RbsR2,,TF,rbsD,SA0259,USA300HOU_RS01405,RegulonDB
RbsR2,,TF,rbsK,SA0258,USA300HOU_RS01400,RegulonDB
PerR,SA1678,TF,sufB,SA0778,USA300HOU_RS04535,RegulonDB
PerR,SA1678,TF,ahpC,SA0366,USA300HOU_RS02020,RegulonDB
PerR,SA1678,TF,ahpF,SA0365,USA300HOU_RS02015,RegulonDB
PerR,SA1678,TF,bcp,SA1680,USA300HOU_RS10105,RegulonDB
PerR,SA1678,TF,SA1679,SA1679,USA300HOU_RS10100,RegulonDB
PerR,SA1678,TF,dps,SA1941,USA300HOU_RS11550,RegulonDB
PerR,SA1678,TF,ftnA,SA1709,USA300HOU_RS10275,RegulonDB
PerR,SA1678,TF,fur,SA1329,USA300HOU_RS08010,RegulonDB
PerR,SA1678,TF,hemE,SA1652,USA300HOU_RS09795,RegulonDB
PerR,SA1678,TF,hemH,SA1651,USA300HOU_RS09790,RegulonDB
PerR,SA1678,TF,hemY,SA1650,USA300HOU_RS09785,RegulonDB
PerR,SA1678,TF,katA,SA1170,USA300HOU_RS06785,RegulonDB
PerR,SA1678,TF,perR,SA1678,USA300HOU_RS10095,RegulonDB
PerR,SA1678,TF,sufC,SA0774,USA300HOU_RS04515,RegulonDB
PerR,SA1678,TF,sufD,SA0775,USA300HOU_RS04520,RegulonDB
PerR,SA1678,TF,sufS,SA0776,USA300HOU_RS04525,RegulonDB
PerR,SA1678,TF,nifU,SA0777,USA300HOU_RS04530,RegulonDB
PurR,SA0454,TF,purE,SA0916,USA300HOU_RS05300,RegulonDB
PurR,SA0454,TF,purK,SA0917,USA300HOU_RS05305,RegulonDB
PurR,SA0454,TF,purC,SA0918,USA300HOU_RS05310,RegulonDB
PurR,SA0454,TF,purS,SA0919,USA300HOU_RS05315,RegulonDB
PurR,SA0454,TF,purQ,SA0920,USA300HOU_RS05320,RegulonDB
PurR,SA0454,TF,purL,SA0921,USA300HOU_RS05325,RegulonDB
PurR,SA0454,TF,purF,SA0922,USA300HOU_RS05330,RegulonDB
PurR,SA0454,TF,purM,SA0923,USA300HOU_RS05335,RegulonDB
PurR,SA0454,TF,purN,SA0924,USA300HOU_RS05340,RegulonDB
PurR,SA0454,TF,purH,SA0925,USA300HOU_RS05345,RegulonDB
PurR,SA0454,TF,purD,SA0926,USA300HOU_RS05350,RegulonDB
PurR,SA0454,TF,purB,SA1724,USA300HOU_RS10360,RegulonDB
PurR,SA0454,TF,purA,SA0016,USA300HOU_RS00085,RegulonDB
PurR,SA0454,TF,folD,SA0915,USA300HOU_RS05295,RegulonDB
NreC,SA2179,TF,nirR,SA2189,USA300HOU_RS12980,RegulonDB
NreC,SA2179,TF,nasD,SA2188,USA300HOU_RS12975,RegulonDB
NreC,SA2179,TF,nasE,SA2187,USA300HOU_RS12970,RegulonDB
NreC,SA2179,TF,nasF,SA2186,USA300HOU_RS12965,RegulonDB
NreC,SA2179,TF,narK,SA2176,USA300HOU_RS12915,RegulonDB
NreC,SA2179,TF,narG,SA2185,USA300HOU_RS12960,RegulonDB
NreC,SA2179,TF,narH,SA2184,USA300HOU_RS12955,RegulonDB
NreC,SA2179,TF,narJ,SA2183,USA300HOU_RS12950,RegulonDB
NreC,SA2179,TF,narI,SA2182,USA300HOU_RS12945,RegulonDB
NreC,SA2179,TF,nreA,SA2181,USA300HOU_RS12940,RegulonDB
NreC,SA2179,TF,nreB,SA2180,USA300HOU_RS12935,RegulonDB
NreC,SA2179,TF,nreC,SA2179,USA300HOU_RS12930,RegulonDB
MurR,SA0187,TF,SA0184,SA0184,USA300HOU_RS01005,RegulonDB
MurR,SA0187,TF,murQ,SA0185,USA300HOU_RS01010,RegulonDB
MurR,SA0187,TF,murT,SA0186,USA300HOU_RS01015,RegulonDB
MurR,SA0187,TF,murR,SA0187,USA300HOU_RS01020,RegulonDB
NrdR,SA1509,TF,nrdD,SA2410,USA300HOU_RS14200,RegulonDB
NrdR,SA1509,TF,nrdG,SA2409,USA300HOU_RS14195,RegulonDB
NrdR,SA1509,TF,nrdI,SA0685,USA300HOU_RS03945,RegulonDB
NrdR,SA1509,TF,nrdE,SA0686,USA300HOU_RS03950,RegulonDB
NrdR,SA1509,TF,nrdF,SA0687,USA300HOU_RS03955,RegulonDB
MtlR,SA1961,TF,mtlF,SA1960,USA300HOU_RS11630,RegulonDB
MtlR,SA1961,TF,mtlR,SA1961,USA300HOU_RS11635,RegulonDB
MtlR,SA1961,TF,mtlA,SA1962,USA300HOU_RS11640,RegulonDB
MtlR,SA1961,TF,mtlD,SA1963,USA300HOU_RS11645,RegulonDB
MntR,SA0590,TF,mntH,SA0956,USA300HOU_RS05515,RegulonDB
MntR,SA0590,TF,mntA,SA0589,USA300HOU_RS03430,RegulonDB
MntR,SA0590,TF,mntB,SA0588,USA300HOU_RS03425,RegulonDB
MntR,SA0590,TF,mntC,SA0587,USA300HOU_RS03420,RegulonDB
MepR,SA0322,TF,mepR,SA0322,USA300HOU_RS01770,RegulonDB
MepR,SA0322,TF,mepA,SA0323,USA300HOU_RS01775,RegulonDB
MecI,SA0040,TF,mecA,SA0038,USA300HOU_RS00160,RegulonDB
ManR,SA2433,TF,manP,SA2434,USA300HOU_RS14355,RegulonDB
ManR,SA2433,TF,manA,SA2435,USA300HOU_RS14360,RegulonDB
LexA,SA1174,TF,parE,SA1188,USA300HOU_RS06890,RegulonDB
LexA,SA1174,TF,parC,SA1189,USA300HOU_RS06895,RegulonDB
LexA,SA1174,TF,lexA,SA1174,USA300HOU_RS06815,RegulonDB
LexA,SA1174,TF,uvrB,SA0713,USA300HOU_RS04105,RegulonDB
LexA,SA1174,TF,uvrA,SA0714,USA300HOU_RS04110,RegulonDB
LexA,SA1174,TF,sbcD,SA1180,USA300HOU_RS06850,RegulonDB
LexA,SA1174,TF,sbcC,SA1181,USA300HOU_RS06855,RegulonDB
LexA,SA1174,TF,SA1975,SA1975,USA300HOU_RS11760,RegulonDB
LexA,SA1174,TF,SA1974,SA1974,USA300HOU_RS11755,RegulonDB
LexA,SA1174,TF,SA1973,SA1973,USA300HOU_RS11750,RegulonDB
LexA,SA1174,TF,SA1749,SA1749,USA300HOU_RS10515,RegulonDB
LexA,SA1174,TF,SA0684,SA0684,USA300HOU_RS03940,RegulonDB
LexA,SA1174,TF,SA0683,SA0683,USA300HOU_RS03935,RegulonDB
LexA,SA1174,TF,recA,SA1128,USA300HOU_RS06475,RegulonDB
LexA,SA1174,TF,,SA1738,USA300HOU_RS10445,RegulonDB
LexA,SA1174,TF,uvrX,SA1196,USA300HOU_RS06945,RegulonDB
MalR,SA1339,TF,malR,SA1339,USA300HOU_RS08060,RegulonDB
MalR,SA1339,TF,malA,SA1338,USA300HOU_RS08055,RegulonDB
MalR,SA1339,TF,mdxK,SA0206,USA300HOU_RS01090,RegulonDB
MalR,SA1339,TF,mdxE,SA0207,USA300HOU_RS01095,RegulonDB
MalR,SA1339,TF,mdxF,SA0208,USA300HOU_RS01100,RegulonDB
MalR,SA1339,TF,mdxG,SA0209,USA300HOU_RS01105,RegulonDB
MalR,SA1339,TF,gfoA,SA0210,USA300HOU_RS01110,RegulonDB
MalR,SA1339,TF,gfoB,SA0211,USA300HOU_RS01115,RegulonDB
MalR,SA1339,TF,gfoI,SA0212,USA300HOU_RS01120,RegulonDB
IcaR,SA2458,TF,icaR,SA2458,USA300HOU_RS14475,RegulonDB
IcaR,SA2458,TF,icaA,SA2459,USA300HOU_RS14480,RegulonDB
IcaR,SA2458,TF,icaD,SA2460,USA300HOU_RS14485,RegulonDB
IcaR,SA2458,TF,icaB,SA2461,USA300HOU_RS14490,RegulonDB
IcaR,SA2458,TF,icaC,SA2462,USA300HOU_RS14495,RegulonDB
LacR,SA1998,TF,lacC,SA1995,USA300HOU_RS11885,RegulonDB
LacR,SA1998,TF,lacD,SA1994,USA300HOU_RS11880,RegulonDB
LacR,SA1998,TF,lacF,SA1993,USA300HOU_RS11875,RegulonDB
LacR,SA1998,TF,lacE,SA1992,USA300HOU_RS11870,RegulonDB
LacR,SA1998,TF,lacG,SA1991,USA300HOU_RS11865,RegulonDB
HssR,SA2151,TF,hrtB,SA2150,USA300HOU_RS12775,RegulonDB
HssR,SA2151,TF,hrtA,SA2149,USA300HOU_RS12770,RegulonDB
HutR,SA2123,TF,hutP,SA0308,USA300HOU_RS01695,RegulonDB
HutR,SA2123,TF,hutU,SA2122,USA300HOU_RS12615,RegulonDB
HutR,SA2123,TF,hutI,SA2121,USA300HOU_RS12610,RegulonDB
HutR,SA2123,TF,hutR,SA2123,USA300HOU_RS12620,RegulonDB
GntR,SA2295,TF,gntR,SA2295,USA300HOU_RS13580,RegulonDB
GntR,SA2295,TF,gntK,SA2294,USA300HOU_RS13575,RegulonDB
GntR,SA2295,TF,gntP,SA2293,USA300HOU_RS13570,RegulonDB
HrcA,SA1411,TF,groES,SA1837,USA300HOU_RS10930,RegulonDB
HrcA,SA1411,TF,groEL,SA1836,USA300HOU_RS10925,RegulonDB
HrcA,SA1411,TF,hrcA,SA1411,USA300HOU_RS08435,RegulonDB
HrcA,SA1411,TF,grpE,SA1410,USA300HOU_RS08430,RegulonDB
HrcA,SA1411,TF,dnaK,SA1409,USA300HOU_RS08425,RegulonDB
HrcA,SA1411,TF,dnaJ,SA1408,USA300HOU_RS08420,RegulonDB
GlvR,SA2115,TF,glvC,SA2114,USA300HOU_RS12575,RegulonDB
GltC,SA0429,TF,gltB,SA0430,USA300HOU_RS02375,RegulonDB
GltC,SA0429,TF,gltD,SA0431,USA300HOU_RS02380,RegulonDB
GltC,SA0429,TF,gltC,SA0429,USA300HOU_RS02370,RegulonDB
GlnR,SA1149,TF,nrgA,SA1848,USA300HOU_RS11000,RegulonDB
GlnR,SA1149,TF,glnR,SA1149,USA300HOU_RS06585,RegulonDB
GlnR,SA1149,TF,glnA,SA1150,USA300HOU_RS06590,RegulonDB
Fur,SA1329,TF,iucB,SA1983,USA300HOU_RS11810,RegulonDB
Fur,SA1329,TF,isdH,SA1552,USA300HOU_RS09190,RegulonDB
Fur,SA1329,TF,isdB,SA0976,USA300HOU_RS05640,RegulonDB
Fur,SA1329,TF,isdC,SA0978,USA300HOU_RS05650,RegulonDB
Fur,SA1329,TF,isdD,SA0979,USA300HOU_RS05655,RegulonDB
Fur,SA1329,TF,isdE,SA0980,USA300HOU_RS05660,RegulonDB
Fur,SA1329,TF,isdF,SA0981,USA300HOU_RS05665,RegulonDB
Fur,SA1329,TF,srtB,SA0982,USA300HOU_RS05670,RegulonDB
Fur,SA1329,TF,isdG,SA0983,USA300HOU_RS05675,RegulonDB
Fur,SA1329,TF,isdA,SA0977,USA300HOU_RS05645,RegulonDB
Fur,SA1329,TF,ftnA,SA1709,USA300HOU_RS10275,RegulonDB
Fur,SA1329,TF,fhuD2,SA2079,USA300HOU_RS12365,RegulonDB
Fur,SA1329,TF,fhuA,SA0602,USA300HOU_RS03500,RegulonDB
Fur,SA1329,TF,fhuB,SA0603,USA300HOU_RS03505,RegulonDB
Fur,SA1329,TF,fhuG,SA0604,USA300HOU_RS03510,RegulonDB
Fur,SA1329,TF,feoA,SA2338,USA300HOU_RS13845,RegulonDB
Fur,SA1329,TF,feoB,SA2337,USA300HOU_RS13840,RegulonDB
Fur,SA1329,TF,efeO,SA0331,USA300HOU_RS01820,RegulonDB
Fur,SA1329,TF,efeB,SA0332,USA300HOU_RS01825,RegulonDB
Fur,SA1329,TF,efeU,SA0333,USA300HOU_RS01830,RegulonDB
Fur,SA1329,TF,citB,SA1184,USA300HOU_RS06870,RegulonDB
Fur,SA1329,TF,arlS,SA1246,USA300HOU_RS07215,RegulonDB
Fur,SA1329,TF,yfmC,SA1979,USA300HOU_RS11785,RegulonDB
Fur,SA1329,TF,yfmD,SA1978,USA300HOU_RS11780,RegulonDB
Fur,SA1329,TF,yfmE,SA1977,USA300HOU_RS11775,RegulonDB
Fur,SA1329,TF,tatA,SA0335,USA300HOU_RS01840,RegulonDB
Fur,SA1329,TF,tatC,SA0334,USA300HOU_RS01835,RegulonDB
Fur,SA1329,TF,sstA,SA0688,USA300HOU_RS03970,RegulonDB
Fur,SA1329,TF,sstB,SA0689,USA300HOU_RS03975,RegulonDB
Fur,SA1329,TF,sstC,SA0690,USA300HOU_RS03980,RegulonDB
Fur,SA1329,TF,sstD,SA0691,USA300HOU_RS03985,RegulonDB
Fur,SA1329,TF,sirA,SA0111,USA300HOU_RS00600,RegulonDB
Fur,SA1329,TF,sirB,SA0110,USA300HOU_RS00595,RegulonDB
Fur,SA1329,TF,sirC,SA0109,USA300HOU_RS00590,RegulonDB
Fur,SA1329,TF,sbnA,SA0112,USA300HOU_RS00605,RegulonDB
Fur,SA1329,TF,sbnB,SA0113,USA300HOU_RS00610,RegulonDB
Fur,SA1329,TF,sbnC,SA0114,USA300HOU_RS00615,RegulonDB
Fur,SA1329,TF,sbnD,SA0115,USA300HOU_RS00620,RegulonDB
Fur,SA1329,TF,sbnE,SA0116,USA300HOU_RS00625,RegulonDB
Fur,SA1329,TF,sbnF,SA0117,USA300HOU_RS00630,RegulonDB
Fur,SA1329,TF,sbnG,SA0118,USA300HOU_RS00635,RegulonDB
Fur,SA1329,TF,sbnH,SA0119,USA300HOU_RS00640,RegulonDB
Fur,SA1329,TF,sbnI,SA0120,USA300HOU_RS00645,RegulonDB
Fur,SA1329,TF,SA1982,SA1982,USA300HOU_RS11805,RegulonDB
Fur,SA1329,TF,iucC,SA1981,USA300HOU_RS11800,RegulonDB
Fur,SA1329,TF,SA1980,SA1980,USA300HOU_RS11795,RegulonDB
Fur,SA1329,TF,SA0757,SA0757,USA300HOU_RS04360,RegulonDB
FruR,SA0653,TF,fruR,SA0653,USA300HOU_RS03770,RegulonDB
FruR,SA0653,TF,fruB,SA0654,USA300HOU_RS03775,RegulonDB
FruR,SA0653,TF,fruA,SA0655,USA300HOU_RS03780,RegulonDB
CzrA,SA1947,TF,czrA,SA1947,USA300HOU_RS11580,RegulonDB
CzrA,SA1947,TF,czrB,SA1948,USA300HOU_RS11585,RegulonDB
FapR,SA1071,TF,fabI,SA0869,USA300HOU_RS05010,RegulonDB
FapR,SA1071,TF,fabH,SA0842,USA300HOU_RS04875,RegulonDB
FapR,SA1071,TF,fabF,SA0843,USA300HOU_RS04880,RegulonDB
FapR,SA1071,TF,perR,SA1678,USA300HOU_RS10095,RegulonDB
FapR,SA1071,TF,fapR,SA1071,USA300HOU_RS06170,RegulonDB
FapR,SA1071,TF,plsX,SA1072,USA300HOU_RS06175,RegulonDB
FapR,SA1071,TF,fabD,SA1073,USA300HOU_RS06180,RegulonDB
FapR,SA1071,TF,fabG,SA1074,USA300HOU_RS06185,RegulonDB
CtsR,SA0480,TF,SA1838,SA1838,USA300HOU_RS10935,RegulonDB
CtsR,SA0480,TF,hrcA,SA1411,USA300HOU_RS08435,RegulonDB
CtsR,SA0480,TF,grpE,SA1410,USA300HOU_RS08430,RegulonDB
CtsR,SA0480,TF,dnaK,SA1409,USA300HOU_RS08425,RegulonDB
CtsR,SA0480,TF,dnaJ,SA1408,USA300HOU_RS08420,RegulonDB
CtsR,SA0480,TF,groES,SA1837,USA300HOU_RS10930,RegulonDB
CtsR,SA0480,TF,groEL,SA1836,USA300HOU_RS10925,RegulonDB
CtsR,SA0480,TF,ctsR,SA0480,USA300HOU_RS02745,RegulonDB
CtsR,SA0480,TF,SA0481,SA0481,USA300HOU_RS02750,RegulonDB
CtsR,SA0480,TF,SA0482,SA0482,USA300HOU_RS02755,RegulonDB
CtsR,SA0480,TF,clpC,SA0483,USA300HOU_RS02760,RegulonDB
CtsR,SA0480,TF,clpP,SA0723,USA300HOU_RS04165,RegulonDB
CtsR,SA0480,TF,clpB,SA0835,USA300HOU_RS04835,RegulonDB
CymR,SA1453,TF,tcyP,SA0368,USA300HOU_RS02030,RegulonDB
CymR,SA1453,TF,tcyA,SA2202,USA300HOU_RS13050,RegulonDB
CymR,SA1453,TF,tcyC,SA2200,USA300HOU_RS13040,RegulonDB
CymR,SA1453,TF,ssuB,SA0166,USA300HOU_RS00910,RegulonDB
CymR,SA1453,TF,ssuA,SA0167,USA300HOU_RS00915,RegulonDB
CymR,SA1453,TF,ssuC,SA0168,USA300HOU_RS00920,RegulonDB
CymR,SA1453,TF,SA2080,SA2080,USA300HOU_RS12370,RegulonDB
CymR,SA1453,TF,SA1850,SA1850,USA300HOU_RS11010,RegulonDB
CymR,SA1453,TF,SA0198,SA0198,USA300HOU_RS01050,RegulonDB
CymR,SA1453,TF,SA0165,SA0165,USA300HOU_RS00905,RegulonDB
CymR,SA1453,TF,metN2,SA0420,USA300HOU_RS02325,RegulonDB
CymR,SA1453,TF,metP2,SA0421,USA300HOU_RS02330,RegulonDB
CymR,SA1453,TF,metQ2,SA0422,USA300HOU_RS02335,RegulonDB
CymR,SA1453,TF,luxS,SA1936,USA300HOU_RS11520,RegulonDB
CymR,SA1453,TF,mccA,SA0418,USA300HOU_RS02315,RegulonDB
CymR,SA1453,TF,mccB,SA0419,USA300HOU_RS02320,RegulonDB
CymR,SA1453,TF,cysK,SA0471,USA300HOU_RS02630,RegulonDB
CymR,SA1453,TF,cysJ,SA2413,USA300HOU_RS14220,RegulonDB
CymR,SA1453,TF,sirC,SA2412,USA300HOU_RS14215,RegulonDB
CggR,SA0726,TF,cggR,SA0726,USA300HOU_RS04180,RegulonDB
CggR,SA0726,TF,gap,SA0727,USA300HOU_RS04185,RegulonDB
CggR,SA0726,TF,pgk,SA0728,USA300HOU_RS04190,RegulonDB
CggR,SA0726,TF,tpiA,SA0729,USA300HOU_RS04195,RegulonDB
CggR,SA0726,TF,pgm,SA0730,USA300HOU_RS04200,RegulonDB
CggR,SA0726,TF,eno,SA0731,USA300HOU_RS04205,RegulonDB
CodY,SA1098,TF,SA2357,SA2357,USA300HOU_RS13945,RegulonDB
CodY,SA1098,TF,SA2261,SA2261,USA300HOU_RS13405,RegulonDB
CodY,SA1098,TF,SA2260,SA2260,USA300HOU_RS13400,RegulonDB
CodY,SA1098,TF,SA2233,SA2233,USA300HOU_RS13250,RegulonDB
CodY,SA1098,TF,SA2109,SA2109,USA300HOU_RS12540,RegulonDB
CodY,SA1098,TF,SA2002,SA2002,USA300HOU_RS11930,RegulonDB
CodY,SA1098,TF,SA1544,SA1544,USA300HOU_RS09140,RegulonDB
CodY,SA1098,TF,serA,SA1545,USA300HOU_RS09145,RegulonDB
CodY,SA1098,TF,SA1364,SA1364,USA300HOU_RS08190,RegulonDB
CodY,SA1098,TF,SA1363,SA1363,USA300HOU_RS08185,RegulonDB
CodY,SA1098,TF,SA0883,SA0883,USA300HOU_RS05095,RegulonDB
CodY,SA1098,TF,SA0871,SA0871,USA300HOU_RS05020,RegulonDB
CodY,SA1098,TF,SA0626,SA0626,USA300HOU_RS03630,RegulonDB
CodY,SA1098,TF,SA0367,SA0367,USA300HOU_RS02025,RegulonDB
CodY,SA1098,TF,SA0348,SA0348,USA300HOU_RS01910,RegulonDB
CodY,SA1098,TF,SA0165,SA0165,USA300HOU_RS00905,RegulonDB
CodY,SA1098,TF,rocC,SA1169,USA300HOU_RS06780,RegulonDB
CodY,SA1098,TF,pycA,SA0963,USA300HOU_RS05560,RegulonDB
CodY,SA1098,TF,patA,SA0902,USA300HOU_RS05220,RegulonDB
CodY,SA1098,TF,opuCA,SA2237,USA300HOU_RS13270,RegulonDB
CodY,SA1098,TF,opuCB,SA2236,USA300HOU_RS13265,RegulonDB
CodY,SA1098,TF,opuCC,SA2235,USA300HOU_RS13260,RegulonDB
CodY,SA1098,TF,opuCD,SA2234,USA300HOU_RS13255,RegulonDB
CodY,SA1098,TF,oppB,SA0845,USA300HOU_RS04890,RegulonDB
CodY,SA1098,TF,oppC,SA0846,USA300HOU_RS04895,RegulonDB
CodY,SA1098,TF,oppD,SA0847,USA300HOU_RS04900,RegulonDB
CodY,SA1098,TF,oppF,SA0848,USA300HOU_RS04905,RegulonDB
CodY,SA1098,TF,oppA,SA0849,USA300HOU_RS04910,RegulonDB
CodY,SA1098,TF,nrgA,SA1848,USA300HOU_RS11000,RegulonDB
CodY,SA1098,TF,mtnE,SA2347,USA300HOU_RS13895,RegulonDB
CodY,SA1098,TF,ddh2,SA2346,USA300HOU_RS13890,RegulonDB
CodY,SA1098,TF,metX,SA0011,USA300HOU_RS00060,RegulonDB
CodY,SA1098,TF,metN,SA0769,USA300HOU_RS04405,RegulonDB
CodY,SA1098,TF,metP,SA0770,USA300HOU_RS04410,RegulonDB
CodY,SA1098,TF,metQ,SA0771,USA300HOU_RS04415,RegulonDB
CodY,SA1098,TF,metI,SA0347,USA300HOU_RS01905,RegulonDB
CodY,SA1098,TF,metC,SA0346,USA300HOU_RS01900,RegulonDB
CodY,SA1098,TF,metF,SA0345,USA300HOU_RS01895,RegulonDB
CodY,SA1098,TF,metE,SA0344,USA300HOU_RS01890,RegulonDB
CodY,SA1098,TF,mdh,SA0343,USA300HOU_RS01885,RegulonDB
CodY,SA1098,TF,lysE,SA0753,USA300HOU_RS04340,RegulonDB
CodY,SA1098,TF,asd,SA1226,USA300HOU_RS07100,RegulonDB
CodY,SA1098,TF,dapA,SA1227,USA300HOU_RS07105,RegulonDB
CodY,SA1098,TF,dapB,SA1228,USA300HOU_RS07110,RegulonDB
CodY,SA1098,TF,dapD,SA1229,USA300HOU_RS07115,RegulonDB
CodY,SA1098,TF,ykuR,SA1230,USA300HOU_RS07120,RegulonDB
CodY,SA1098,TF,dapX,SA1231,USA300HOU_RS07125,RegulonDB
CodY,SA1098,TF,lysA,SA1232,USA300HOU_RS07130,RegulonDB
CodY,SA1098,TF,katA,SA1170,USA300HOU_RS06785,RegulonDB
CodY,SA1098,TF,ilvE,SA0512,USA300HOU_RS02910,RegulonDB
CodY,SA1098,TF,ilvD,SA1858,USA300HOU_RS11060,RegulonDB
CodY,SA1098,TF,ilvB,SA1859,USA300HOU_RS11065,RegulonDB
CodY,SA1098,TF,ilvH,SA1860,USA300HOU_RS11070,RegulonDB
CodY,SA1098,TF,ilvC,SA1861,USA300HOU_RS11075,RegulonDB
CodY,SA1098,TF,leuA,SA1862,USA300HOU_RS11080,RegulonDB
CodY,SA1098,TF,leuB,SA1863,USA300HOU_RS11085,RegulonDB
CodY,SA1098,TF,leuC,SA1864,USA300HOU_RS11090,RegulonDB
CodY,SA1098,TF,leuD,SA1865,USA300HOU_RS11095,RegulonDB
CodY,SA1098,TF,ilvA,SA1866,USA300HOU_RS11100,RegulonDB
CodY,SA1098,TF,icaA,SA2459,USA300HOU_RS14480,RegulonDB
CodY,SA1098,TF,icaD,SA2460,USA300HOU_RS14485,RegulonDB
CodY,SA1098,TF,icaB,SA2461,USA300HOU_RS14490,RegulonDB
CodY,SA1098,TF,icaC,SA2462,USA300HOU_RS14495,RegulonDB
CodY,SA1098,TF,hom,SA1164,USA300HOU_RS06750,RegulonDB
CodY,SA1098,TF,thrC,SA1165,USA300HOU_RS06755,RegulonDB
CodY,SA1098,TF,thrB,SA1166,USA300HOU_RS06760,RegulonDB
CodY,SA1098,TF,SA1167,SA1167,USA300HOU_RS06765,RegulonDB
CodY,SA1098,TF,hmrA,SA1935,USA300HOU_RS11515,RegulonDB
CodY,SA1098,TF,SA1934,SA1934,USA300HOU_RS11510,RegulonDB
CodY,SA1098,TF,hlb,SA1752,USA300HOU_RS10530,RegulonDB
CodY,SA1098,TF,hisZ,SA2472,USA300HOU_RS14550,RegulonDB
CodY,SA1098,TF,hisG,SA2471,USA300HOU_RS14545,RegulonDB
CodY,SA1098,TF,hisD,SA2470,USA300HOU_RS14540,RegulonDB
CodY,SA1098,TF,hisC,SA2469,USA300HOU_RS14535,RegulonDB
CodY,SA1098,TF,hisB,SA2468,USA300HOU_RS14530,RegulonDB
CodY,SA1098,TF,hisH,SA2467,USA300HOU_RS14525,RegulonDB
CodY,SA1098,TF,hisA,SA2466,USA300HOU_RS14520,RegulonDB
CodY,SA1098,TF,hisF,SA2465,USA300HOU_RS14515,RegulonDB
CodY,SA1098,TF,hisI,SA2464,USA300HOU_RS14510,RegulonDB
CodY,SA1098,TF,gltC,SA0429,USA300HOU_RS02370,RegulonDB
CodY,SA1098,TF,gltB,SA0430,USA300HOU_RS02375,RegulonDB
CodY,SA1098,TF,gltD,SA0431,USA300HOU_RS02380,RegulonDB
CodY,SA1098,TF,glnR,SA1149,USA300HOU_RS06585,RegulonDB
CodY,SA1098,TF,glnA,SA1150,USA300HOU_RS06590,RegulonDB
CodY,SA1098,TF,gabT,SA2397,USA300HOU_RS14115,RegulonDB
CodY,SA1098,TF,comK,SA0882,USA300HOU_RS05090,RegulonDB
CodY,SA1098,TF,capA,SA0144,USA300HOU_RS00800,RegulonDB
CodY,SA1098,TF,capB,SA0145,USA300HOU_RS00805,RegulonDB
CodY,SA1098,TF,capC,SA0146,USA300HOU_RS00810,RegulonDB
CodY,SA1098,TF,capE,SA0148,USA300HOU_RS00820,RegulonDB
CodY,SA1098,TF,capF,SA0149,USA300HOU_RS00825,RegulonDB
CodY,SA1098,TF,capG,SA0150,USA300HOU_RS00830,RegulonDB
CodY,SA1098,TF,capH,SA0151,USA300HOU_RS00835,RegulonDB
CodY,SA1098,TF,capI,SA0152,USA300HOU_RS00840,RegulonDB
CodY,SA1098,TF,capJ,SA0153,USA300HOU_RS00845,RegulonDB
CodY,SA1098,TF,capK,SA0154,USA300HOU_RS00850,RegulonDB
CodY,SA1098,TF,capL,SA0155,USA300HOU_RS00855,RegulonDB
CodY,SA1098,TF,capM,SA0156,USA300HOU_RS00860,RegulonDB
CodY,SA1098,TF,capN,SA0157,USA300HOU_RS00865,RegulonDB
CodY,SA1098,TF,capO,SA0158,USA300HOU_RS00870,RegulonDB
CodY,SA1098,TF,capP,SA0159,USA300HOU_RS00875,RegulonDB
CodY,SA1098,TF,butA,SA0122,USA300HOU_RS00665,RegulonDB
CodY,SA1098,TF,brnQ2,SA0294,USA300HOU_RS01625,RegulonDB
CodY,SA1098,TF,brnQ1,SA0180,USA300HOU_RS00980,RegulonDB
CodY,SA1098,TF,aur,SA2430,USA300HOU_RS14335,RegulonDB
CodY,SA1098,TF,artQ,SA1675,USA300HOU_RS09930,RegulonDB
CodY,SA1098,TF,artM,SA1674,USA300HOU_RS09925,RegulonDB
CodY,SA1098,TF,aroC,SA1299,USA300HOU_RS07500,RegulonDB
CodY,SA1098,TF,aroB,SA1298,USA300HOU_RS07495,RegulonDB
CodY,SA1098,TF,aroA,SA1297,USA300HOU_RS07490,RegulonDB
CodY,SA1098,TF,SA1296,SA1296,USA300HOU_RS07485,RegulonDB
CodY,SA1098,TF,SA1295,SA1295,USA300HOU_RS07480,RegulonDB
CodY,SA1098,TF,SA1294,SA1294,USA300HOU_RS07475,RegulonDB
CodY,SA1098,TF,SA1293,SA1293,USA300HOU_RS07470,RegulonDB
CodY,SA1098,TF,argG,SA0822,USA300HOU_RS04770,RegulonDB
CodY,SA1098,TF,argH,SA0821,USA300HOU_RS04765,RegulonDB
CodY,SA1098,TF,appA,SA0850,USA300HOU_RS04915,RegulonDB
CodY,SA1098,TF,appD,SA0851,USA300HOU_RS04920,RegulonDB
CodY,SA1098,TF,appF,SA0852,USA300HOU_RS04925,RegulonDB
CodY,SA1098,TF,appB,SA0853,USA300HOU_RS04930,RegulonDB
CodY,SA1098,TF,appC,SA0854,USA300HOU_RS04935,RegulonDB
CodY,SA1098,TF,agrB,SA1842,USA300HOU_RS10960,RegulonDB
CodY,SA1098,TF,agrD,SAS066,USA300HOU_RS10965,RegulonDB
CodY,SA1098,TF,agrC,SA1843,USA300HOU_RS10970,RegulonDB
CodY,SA1098,TF,agrA,SA1844,USA300HOU_RS10975,RegulonDB
CodY,SA1098,TF,acuA,SA1555,USA300HOU_RS09205,RegulonDB
CodY,SA1098,TF,acuC,SA1556,USA300HOU_RS09210,RegulonDB
CodY,SA1098,TF,acsA,SA1554,USA300HOU_RS09200,RegulonDB
CodY,SA1098,TF,acp,SA0871,USA300HOU_RS05020,RegulonDB
CodY,SA1098,TF,aapA,SA2226,USA300HOU_RS13290,RegulonDB
CodY,SA1098,TF,yocS,SA2112,USA300HOU_RS12565,RegulonDB
CodY,SA1098,TF,tyrA,SA1197,USA300HOU_RS06950,RegulonDB
CodY,SA1098,TF,trpE,SA1199,USA300HOU_RS06960,RegulonDB
CodY,SA1098,TF,trpG,SA1200,USA300HOU_RS06965,RegulonDB
CodY,SA1098,TF,trpD,SA1201,USA300HOU_RS06970,RegulonDB
CodY,SA1098,TF,trpC,SA1202,USA300HOU_RS06975,RegulonDB
CodY,SA1098,TF,trpF,SA1203,USA300HOU_RS06980,RegulonDB
CodY,SA1098,TF,trpB,SA1204,USA300HOU_RS06985,RegulonDB
CodY,SA1098,TF,trpA,SA1205,USA300HOU_RS06990,RegulonDB
CodY,SA1098,TF,tppB,SA0682,USA300HOU_RS03930,RegulonDB
CodY,SA1098,TF,thrA,SA1163,USA300HOU_RS06745,RegulonDB
CodY,SA1098,TF,tcyP,SA0368,USA300HOU_RS02030,RegulonDB
CodY,SA1098,TF,tcdB,SA1271,USA300HOU_RS07355,RegulonDB
CodY,SA1098,TF,SA1270,SA1270,USA300HOU_RS07350,RegulonDB
CodY,SA1098,TF,sodM,SA0128,USA300HOU_RS00700,RegulonDB
CodY,SA1098,TF,sodA,SA1382,USA300HOU_RS08290,RegulonDB
CodY,SA1098,TF,SA2398,SA2398,USA300HOU_RS14120,RegulonDB
CodY,SA1098,TF,SA2396,SA2396,USA300HOU_RS14110,RegulonDB
CcpA,SA1557,TF,ccpA,SA1557,USA300HOU_RS09215,RegulonDB
CcpA,SA1557,TF,arg,SA1968,USA300HOU_RS11670,RegulonDB
CcpA,SA1557,TF,arcA,SA2428,USA300HOU_RS14320,RegulonDB
CcpA,SA1557,TF,arcB,SA2427,USA300HOU_RS14315,RegulonDB
CcpA,SA1557,TF,arcD,SA2426,USA300HOU_RS14310,RegulonDB
CcpA,SA1557,TF,arcC,SA2425,USA300HOU_RS14305,RegulonDB
CcpA,SA1557,TF,arcR,SA2424,USA300HOU_RS14300,RegulonDB
CcpA,SA1557,TF,araB,SA0510,USA300HOU_RS02900,RegulonDB
CcpA,SA1557,TF,aldA,SA0162,USA300HOU_RS00890,RegulonDB
CcpA,SA1557,TF,ald,SA1531,USA300HOU_RS09065,RegulonDB
CcpA,SA1557,TF,acuA,SA1555,USA300HOU_RS09205,RegulonDB
CcpA,SA1557,TF,acuC,SA1556,USA300HOU_RS09210,RegulonDB
CcpA,SA1557,TF,acsA,SA1554,USA300HOU_RS09200,RegulonDB
CcpA,SA1557,TF,aapA,SA2226,USA300HOU_RS13290,RegulonDB
CcpA,SA1557,TF,hutU,SA2122,USA300HOU_RS12615,RegulonDB
CcpA,SA1557,TF,hutI,SA2121,USA300HOU_RS12610,RegulonDB
CcpA,SA1557,TF,hutH,SA0008,USA300HOU_RS00040,RegulonDB
CcpA,SA1557,TF,hla,SA1007,USA300HOU_RS05825,RegulonDB
CcpA,SA1557,TF,gudP,SA2300,USA300HOU_RS13605,RegulonDB
CcpA,SA1557,TF,gudB,SA0819,USA300HOU_RS04750,RegulonDB
CcpA,SA1557,TF,gntR,SA2295,USA300HOU_RS13580,RegulonDB
CcpA,SA1557,TF,gntK,SA2294,USA300HOU_RS13575,RegulonDB
CcpA,SA1557,TF,gntP,SA2293,USA300HOU_RS13570,RegulonDB
CcpA,SA1557,TF,glvR,SA2115,USA300HOU_RS12580,RegulonDB
CcpA,SA1557,TF,glvC,SA2114,USA300HOU_RS12575,RegulonDB
CcpA,SA1557,TF,gltS,SA2135,USA300HOU_RS12685,RegulonDB
CcpA,SA1557,TF,glpT,SA0325,USA300HOU_RS01785,RegulonDB
CcpA,SA1557,TF,glpF,SA1140,USA300HOU_RS06540,RegulonDB
CcpA,SA1557,TF,glpK,SA1141,USA300HOU_RS06545,RegulonDB
CcpA,SA1557,TF,glpD,SA1142,USA300HOU_RS06550,RegulonDB
CcpA,SA1557,TF,glcA,SA0183,USA300HOU_RS01000,RegulonDB
CcpA,SA1557,TF,fruR,SA0653,USA300HOU_RS03770,RegulonDB
CcpA,SA1557,TF,fruB,SA0654,USA300HOU_RS03775,RegulonDB
CcpA,SA1557,TF,fruA,SA0655,USA300HOU_RS03780,RegulonDB
CcpA,SA1557,TF,fhs,SA1553,USA300HOU_RS09195,RegulonDB
CcpA,SA1557,TF,fbp,SA2304,USA300HOU_RS13640,RegulonDB
CcpA,SA1557,TF,fbaA,SA1927,USA300HOU_RS11470,RegulonDB
CcpA,SA1557,TF,fadX,SA0227,USA300HOU_RS01210,RegulonDB
CcpA,SA1557,TF,fadE,SA0226,USA300HOU_RS01205,RegulonDB
CcpA,SA1557,TF,SA1633,SA1633,USA300HOU_RS09665,RegulonDB
CcpA,SA1557,TF,drp35,SA2480,USA300HOU_RS14590,RegulonDB
CcpA,SA1557,TF,dra2,SA1939,USA300HOU_RS11540,RegulonDB
CcpA,SA1557,TF,dhaK,SA0605,USA300HOU_RS03515,RegulonDB
CcpA,SA1557,TF,dhaL,SA0606,USA300HOU_RS03520,RegulonDB
CcpA,SA1557,TF,SA0607,SA0607,USA300HOU_RS03525,RegulonDB
CcpA,SA1557,TF,citZ,SA1518,USA300HOU_RS08985,RegulonDB
CcpA,SA1557,TF,citC,SA1517,USA300HOU_RS08980,RegulonDB
CcpA,SA1557,TF,citB,SA1184,USA300HOU_RS06870,RegulonDB
CcpA,SA1557,TF,SA0184,SA0184,USA300HOU_RS01005,RegulonDB
CcpA,SA1557,TF,murQ,SA0185,USA300HOU_RS01010,RegulonDB
CcpA,SA1557,TF,murT,SA0186,USA300HOU_RS01015,RegulonDB
CcpA,SA1557,TF,murR,SA0187,USA300HOU_RS01020,RegulonDB
CcpA,SA1557,TF,rocD,SA0818,USA300HOU_RS04745,RegulonDB
CcpA,SA1557,TF,rocA,SA2341,USA300HOU_RS13865,RegulonDB
CcpA,SA1557,TF,rbsU,SA0260,USA300HOU_RS01410,RegulonDB
CcpA,SA1557,TF,rbsD,SA0259,USA300HOU_RS01405,RegulonDB
CcpA,SA1557,TF,rbsK,SA0258,USA300HOU_RS01400,RegulonDB
CcpA,SA1557,TF,putP,SA1718,USA300HOU_RS10330,RegulonDB
CcpA,SA1557,TF,putA,SA1585,USA300HOU_RS09380,RegulonDB
CcpA,SA1557,TF,pfoR,SA2320,USA300HOU_RS13735,RegulonDB
CcpA,SA1557,TF,sdaAB,SA2319,USA300HOU_RS13730,RegulonDB
CcpA,SA1557,TF,sdaAA,SA2318,USA300HOU_RS13725,RegulonDB
CcpA,SA1557,TF,pflB,SA0218,USA300HOU_RS01150,RegulonDB
CcpA,SA1557,TF,pflA,SA0219,USA300HOU_RS01155,RegulonDB
CcpA,SA1557,TF,pfkA,SA1521,USA300HOU_RS09010,RegulonDB
CcpA,SA1557,TF,pykA,SA1520,USA300HOU_RS09005,RegulonDB
CcpA,SA1557,TF,pckA,SA1609,USA300HOU_RS09500,RegulonDB
CcpA,SA1557,TF,nupC,SA0479,USA300HOU_RS02740,RegulonDB
CcpA,SA1557,TF,nanK,SA0305,USA300HOU_RS01680,RegulonDB
CcpA,SA1557,TF,nanA,SA0304,USA300HOU_RS01675,RegulonDB
CcpA,SA1557,TF,nanT,SA0303,USA300HOU_RS01670,RegulonDB
CcpA,SA1557,TF,mvaS,SA2334,USA300HOU_RS13820,RegulonDB
CcpA,SA1557,TF,mvaA,SA2333,USA300HOU_RS13815,RegulonDB
CcpA,SA1557,TF,manR,SA2433,USA300HOU_RS14350,RegulonDB
CcpA,SA1557,TF,manP,SA2434,USA300HOU_RS14355,RegulonDB
CcpA,SA1557,TF,manA,SA2435,USA300HOU_RS14360,RegulonDB
CcpA,SA1557,TF,msmX,SA0206,USA300HOU_RS01090,RegulonDB
CcpA,SA1557,TF,mdxE,SA0207,USA300HOU_RS01095,RegulonDB
CcpA,SA1557,TF,mdxF,SA0208,USA300HOU_RS01100,RegulonDB
CcpA,SA1557,TF,mdxG,SA0209,USA300HOU_RS01105,RegulonDB
CcpA,SA1557,TF,gfoA,SA0210,USA300HOU_RS01110,RegulonDB
CcpA,SA1557,TF,gfoB,SA0211,USA300HOU_RS01115,RegulonDB
CcpA,SA1557,TF,gfoI,SA0212,USA300HOU_RS01120,RegulonDB
CcpA,SA1557,TF,malR,SA1339,USA300HOU_RS08060,RegulonDB
CcpA,SA1557,TF,malA,SA1338,USA300HOU_RS08055,RegulonDB
CcpA,SA1557,TF,lip,SA2463,USA300HOU_RS14500,RegulonDB
CcpA,SA1557,TF,kbl,SA0508,USA300HOU_RS02890,RegulonDB
CcpA,SA1557,TF,ipdC,SA0182,USA300HOU_RS00990,RegulonDB
CcpA,SA1557,TF,treP,SA0432,USA300HOU_RS02390,RegulonDB
CcpA,SA1557,TF,treA,SA0433,USA300HOU_RS02395,RegulonDB
CcpA,SA1557,TF,treR,SA0434,USA300HOU_RS02400,RegulonDB
CcpA,SA1557,TF,spa,SA0107,USA300HOU_RS00580,RegulonDB
CcpA,SA1557,TF,sdhC,SA0994,USA300HOU_RS05740,RegulonDB
CcpA,SA1557,TF,sdhA,SA0995,USA300HOU_RS05745,RegulonDB
CcpA,SA1557,TF,sdhB,SA0996,USA300HOU_RS05750,RegulonDB
CcpA,SA1557,TF,sdcS,SA1732,USA300HOU_RS10410,RegulonDB
CcpA,SA1557,TF,scrR,SA1847,USA300HOU_RS10995,RegulonDB
CcpA,SA1557,TF,scrA,SA2167,USA300HOU_RS12870,RegulonDB
CcpA,SA1557,TF,SAS074,SAS074,USA300HOU_RS11765,RegulonDB
CcpA,SA1557,TF,SA2109,SA2109,USA300HOU_RS12540,RegulonDB
CcpA,SA1557,TF,SA2105,SA2105,USA300HOU_RS12515,RegulonDB
CcpA,SA1557,TF,SA1975,SA1975,USA300HOU_RS11760,RegulonDB
CcpA,SA1557,TF,SA1974,SA1974,USA300HOU_RS11755,RegulonDB
CcpA,SA1557,TF,SA1973,SA1973,USA300HOU_RS11750,RegulonDB
CcpA,SA1557,TF,SA1437,SA1437,USA300HOU_RS08570,RegulonDB
CcpA,SA1557,TF,SA1436,SA1436,USA300HOU_RS08565,RegulonDB
CcpA,SA1557,TF,SA1435,SA1435,USA300HOU_RS08560,RegulonDB
CcpA,SA1557,TF,SA1434,SA1434,USA300HOU_RS08555,RegulonDB
CcpA,SA1557,TF,SA1433,SA1433,USA300HOU_RS08550,RegulonDB
CcpA,SA1557,TF,SA1432,SA1432,USA300HOU_RS08545,RegulonDB
CcpA,SA1557,TF,SA1162,SA1162,USA300HOU_RS06740,RegulonDB
CcpA,SA1557,TF,SA0873,SA0873,USA300HOU_RS05030,RegulonDB
CcpA,SA1557,TF,SA0511,SA0511,USA300HOU_RS02905,RegulonDB
CcpA,SA1557,TF,SA0301,SA0301,USA300HOU_RS01660,RegulonDB
CcpA,SA1557,TF,nupC2,SA0302,USA300HOU_RS01665,RegulonDB
CcpA,SA1557,TF,SA0225,SA0225,USA300HOU_RS01200,RegulonDB
CcpA,SA1557,TF,fadN,SA0224,USA300HOU_RS01195,RegulonDB
CcpA,SA1557,TF,fadA,SA0223,USA300HOU_RS01190,RegulonDB
CcpA,SA1557,TF,yusH,SA0760,USA300HOU_RS04375,RegulonDB
CcpA,SA1557,TF,uhpT,SA0214,USA300HOU_RS01130,RegulonDB
CcpA,SA1557,TF,tst,SA1819,USA300HOU_RS02145,RegulonDB
ArsR,"SAP016,",TF,arsR,SA1591,USA300HOU_RS09410,RegulonDB
ArsR,"SAP016,",TF,arsB,SA1592,USA300HOU_RS09415,RegulonDB
BirA,SA1289,TF,yhfT,SA0533,USA300HOU_RS03010,RegulonDB
BirA,SA1289,TF,yhfS,SA0534,USA300HOU_RS03015,RegulonDB
BirA,SA1289,TF,SA0535,SA0535,USA300HOU_RS03020,RegulonDB
BirA,SA1289,TF,SA0536,SA0536,USA300HOU_RS03025,RegulonDB
BirA,SA1289,TF,bioY,SA2077,USA300HOU_RS12355,RegulonDB
BirA,SA1289,TF,SA2076,SA2076,USA300HOU_RS12350,RegulonDB
BirA,SA1289,TF,bioD,SA2215,USA300HOU_RS13135,RegulonDB
BirA,SA1289,TF,bioA,SA2214,USA300HOU_RS13130,RegulonDB
BirA,SA1289,TF,bioB,SA2213,USA300HOU_RS13125,RegulonDB
BirA,SA1289,TF,bioF,SA2212,USA300HOU_RS13120,RegulonDB
BirA,SA1289,TF,bioW,SA2211,USA300HOU_RS13115,RegulonDB
BirA,SA1289,TF,bioX,SA2210,USA300HOU_RS13110,RegulonDB
ArgR,SA1351,TF,rocD,SA0179,USA300HOU_RS00975,RegulonDB
ArgR,SA1351,TF,argC,SA0178,USA300HOU_RS00970,RegulonDB
ArgR,SA1351,TF,argJ,SA0177,USA300HOU_RS00965,RegulonDB
ArgR,SA1351,TF,argB,SA0176,USA300HOU_RS00960,RegulonDB
ArgR,SA1351,TF,cudT,SA2408,USA300HOU_RS14180,RegulonDB
ArgR,SA1351,TF,artPQ,SA1675,USA300HOU_RS09930,RegulonDB
ArgR,SA1351,TF,artM,SA1674,USA300HOU_RS09925,RegulonDB
ArgR,SA1351,TF,ahrC,SA1351,USA300HOU_RS08125,RegulonDB
ArgR,SA1351,TF,recN,SA1350,USA300HOU_RS08120,RegulonDB
ArgR,SA1351,TF,argG,SA0822,USA300HOU_RS04770,RegulonDB
ArgR,SA1351,TF,argH,SA0821,USA300HOU_RS04765,RegulonDB
ArgR,SA1351,TF,arcA,SA2428,USA300HOU_RS14320,RegulonDB
ArgR,SA1351,TF,arcB,SA2427,USA300HOU_RS14315,RegulonDB
ArgR,SA1351,TF,arcD,SA2426,USA300HOU_RS14310,RegulonDB
ArgR,SA1351,TF,arcC,SA2425,USA300HOU_RS14305,RegulonDB
ArgR,SA1351,TF,arcR,SA2424,USA300HOU_RS14300,RegulonDB
ArcR,SA2424,TF,arcA,SA2428,USA300HOU_RS14320,RegulonDB
ArcR,SA2424,TF,arcB,SA2427,USA300HOU_RS14315,RegulonDB
ArcR,SA2424,TF,arcD,SA2426,USA300HOU_RS14310,RegulonDB
ArcR,SA2424,TF,arcC,SA2425,USA300HOU_RS14305,RegulonDB
ArcR,SA2424,TF,arcR,SA2424,USA300HOU_RS14300,RegulonDB
AgrA,SA1844,TF,agrB,SA1842,USA300HOU_RS10960,RegulonDB
AgrA,SA1844,TF,agrD,SAS066,USA300HOU_RS10965,RegulonDB
AgrA,SA1844,TF,agrC,SA1843,USA300HOU_RS10970,RegulonDB
AgrA,SA1844,TF,agrA,SA1844,USA300HOU_RS10975,RegulonDB
AgrA,SA1844,TF,hld,SAS065,USA300HOU_RS10955,RegulonDB
SAM,,RNA,metX,SA0011,USA300HOU_RS00060,RegulonDB
SAM,,RNA,metT,SA2117,USA300HOU_RS12590,RegulonDB
SAM,,RNA,metK,SA1608,USA300HOU_RS09495,RegulonDB
SAM,,RNA,metN,SA0769,USA300HOU_RS04405,RegulonDB
SAM,,RNA,metP,SA0770,USA300HOU_RS04410,RegulonDB
SAM,,RNA,metQ,SA0771,USA300HOU_RS04415,RegulonDB
FMN,,RNA,ribU,SA1316,USA300HOU_RS07610,RegulonDB
FMN,,RNA,ribD,SA1589,USA300HOU_RS09400,RegulonDB
FMN,,RNA,ribE,SA1588,USA300HOU_RS09395,RegulonDB
FMN,,RNA,ribBA,SA1587,USA300HOU_RS09390,RegulonDB
FMN,,RNA,ribH,SA1586,USA300HOU_RS09385,RegulonDB
TPP,,RNA,ykoE,SA0929,USA300HOU_RS05365,RegulonDB
TPP,,RNA,ykoD,SA0928,USA300HOU_RS05360,RegulonDB
TPP,,RNA,ykoC,SA0927,USA300HOU_RS05355,RegulonDB
TPP,,RNA,tenA,SA1897,USA300HOU_RS11310,RegulonDB
TPP,,RNA,thiD,SA1896,USA300HOU_RS11305,RegulonDB
TPP,,RNA,thiM,SA1895,USA300HOU_RS11300,RegulonDB
TPP,,RNA,thiE,SA1894,USA300HOU_RS11295,RegulonDB
PreQ1,,RNA,queC,SA0667,USA300HOU_RS03845,RegulonDB
PreQ1,,RNA,queD,SA0666,USA300HOU_RS03840,RegulonDB
PreQ1,,RNA,queE,SA0665,USA300HOU_RS03835,RegulonDB
PreQ1,,RNA,ypdP,SA1265,USA300HOU_RS07320,RegulonDB
Lysine,,RNA,lysC,SA1225,USA300HOU_RS07095,RegulonDB
Lysine,,RNA,asd,SA1226,USA300HOU_RS07100,RegulonDB
Lysine,,RNA,dapA,SA1227,USA300HOU_RS07105,RegulonDB
Lysine,,RNA,dapB,SA1228,USA300HOU_RS07110,RegulonDB
Lysine,,RNA,dapD,SA1229,USA300HOU_RS07115,RegulonDB
Lysine,,RNA,dapL,SA1230,USA300HOU_RS07120,RegulonDB
Lysine,,RNA,dapX,SA1231,USA300HOU_RS07125,RegulonDB
Lysine,,RNA,lysA,SA1232,USA300HOU_RS07130,RegulonDB
Lysine,,RNA,lysP,SA1505,USA300HOU_RS08910,RegulonDB
Glycine,,RNA,gcvT,SA1367,USA300HOU_RS08205,RegulonDB
Glycine,,RNA,gcvP1,SA1366,USA300HOU_RS08200,RegulonDB
Glycine,,RNA,gcvP2,SA1365,USA300HOU_RS08195,RegulonDB
Purine,,RNA,xpt,SA0373,USA300HOU_RS02055,RegulonDB
Purine,,RNA,pbuX,SA0374,USA300HOU_RS02060,RegulonDB
Purine,,RNA,guaB,SA0375,USA300HOU_RS02065,RegulonDB
Purine,,RNA,guaA,SA0376,USA300HOU_RS02070,RegulonDB
glmS,,RNA,glmS,SA1959,USA300HOU_RS11625,RegulonDB
PyrR,,RNA,pyrP,SA1042,USA300HOU_RS06025,RegulonDB
PyrR,,RNA,pyrB,SA1043,USA300HOU_RS06030,RegulonDB
PyrR,,RNA,pyrC,SA1044,USA300HOU_RS06035,RegulonDB
PyrR,,RNA,carA,SA1045,USA300HOU_RS06040,RegulonDB
PyrR,,RNA,carB,SA1046,USA300HOU_RS06045,RegulonDB
PyrR,,RNA,pyrF,SA1047,USA300HOU_RS06050,RegulonDB
PyrR,,RNA,pyrE,SA1048,USA300HOU_RS06055,RegulonDB
PyrR,,RNA,,SA1049,USA300HOU_RS06060,RegulonDB
yybP-ykoY,,RNA,ykoY,SA0878,USA300HOU_RS05060,RegulonDB
L10_leader,,RNA,rplJ,SA0497,USA300HOU_RS02835,RegulonDB
L10_leader,,RNA,rplL,SA0498,USA300HOU_RS02840,RegulonDB
L13_leader,,RNA,rplM,SA2017,USA300HOU_RS12015,RegulonDB
L13_leader,,RNA,rpsI,SA2016,USA300HOU_RS12010,RegulonDB
L19_leader,,RNA,rplS,SA1084,USA300HOU_RS06240,RegulonDB
L20_leader,,RNA,infC,SA1504,USA300HOU_RS08905,RegulonDB
L20_leader,,RNA,rpmI,SA1503,USA300HOU_RS08900,RegulonDB
L20_leader,,RNA,rplT,SA1502,USA300HOU_RS08895,RegulonDB
T-box(Ala),,RNA,alaS,SA1446,USA300HOU_RS08615,RegulonDB
T-box(Asn),,RNA,hisS,SA1457,USA300HOU_RS08680,RegulonDB
T-box(Asn),,RNA,aspS,SA1456,USA300HOU_RS08675,RegulonDB
T-box(Cys),,RNA,cysE,SA0487,USA300HOU_RS02785,RegulonDB
T-box(Cys),,RNA,cysS,SA0488,USA300HOU_RS02790,RegulonDB
T-box(Gly),,RNA,glyS,SA1394,USA300HOU_RS08350,RegulonDB
T-box(Ile),,RNA,ileS,SA1036,USA300HOU_RS05995,RegulonDB
T-box(Leu),,RNA,leuS,SA1579,USA300HOU_RS09335,RegulonDB
T-box(Met),,RNA,metI,SA0347,USA300HOU_RS01905,RegulonDB
T-box(Met),,RNA,metC,SA0346,USA300HOU_RS01900,RegulonDB
T-box(Met),,RNA,metF,SA0345,USA300HOU_RS01895,RegulonDB
T-box(Met),,RNA,metE,SA0344,USA300HOU_RS01890,RegulonDB
T-box(Met),,RNA,mdh,SA0343,USA300HOU_RS01885,RegulonDB
T-box(Phe),,RNA,pheS,SA0985,USA300HOU_RS05690,RegulonDB
T-box(Phe),,RNA,pheT,SA0986,USA300HOU_RS05695,RegulonDB
T-box(Ser),,RNA,serS,SA0009,USA300HOU_RS00045,RegulonDB
T-box(Thr),,RNA,thrS,SA1506,USA300HOU_RS08915,RegulonDB
T-box(Trp),,RNA,trpE,SA1199,USA300HOU_RS06960,RegulonDB
T-box(Trp),,RNA,trpG,SA1200,USA300HOU_RS06965,RegulonDB
T-box(Trp),,RNA,trpD,SA1201,USA300HOU_RS06970,RegulonDB
T-box(Trp),,RNA,trpC,SA1202,USA300HOU_RS06975,RegulonDB
T-box(Trp),,RNA,trpF,SA1203,USA300HOU_RS06980,RegulonDB
T-box(Trp),,RNA,trpB,SA1204,USA300HOU_RS06985,RegulonDB
T-box(Trp),,RNA,trpA,SA1205,USA300HOU_RS06990,RegulonDB
T-box(Tyr),,RNA,tyrS,SA1550,USA300HOU_RS09175,RegulonDB
T-box(Val),,RNA,valS,SA1488,USA300HOU_RS08810,RegulonDB
NanR,SA0306,TF,nanE,SA0307,USA300HOU_RS01690,RegulonDB
NanR,SA0306,TF,nanA,SA0304,USA300HOU_RS01675,RegulonDB
NanR,SA0306,TF,nanT,SA0303,USA300HOU_RS01670,RegulonDB
NanR,SA0306,TF,nanR,SA0306,USA300HOU_RS01685,RegulonDB
NanR,SA0306,TF,nanK,SA0305,USA300HOU_RS01680,RegulonDB
YdfD;YisV,SA0104,TF,ydfC,SA0103,USA300HOU_RS00560,RegulonDB
PdxR,SA0476,TF,pdxS,SA0477,USA300HOU_RS02730,RegulonDB
PdxR,SA0476,TF,pdxT,SA0478,USA300HOU_RS02735,RegulonDB
SigB,,Sigma Factor,rpoD,,USA300HOU_RS03375,RegulonDB
SigB,,Sigma Factor,rpoD,,USA300HOU_RS11840,RegulonDB
SigB,,Sigma Factor,rpoD,,USA300HOU_RS10215,RegulonDB
SigB,,Sigma Factor,rpoD,,USA300HOU_RS14445,RegulonDB
SigB,,Sigma Factor,rpoD,,USA300HOU_RS09240,RegulonDB
SigB,,Sigma Factor,rpoD,,USA300HOU_RS03660,RegulonDB
SigB,,Sigma Factor,rpoD,,USA300HOU_RS14645,RegulonDB
SigB,,Sigma Factor,rpoD,,USA300HOU_RS04505,RegulonDB
SigB,,Sigma Factor,rpoD,,USA300HOU_RS03920,RegulonDB
SigB,,Sigma Factor,rpoD,,USA300HOU_RS03670,RegulonDB
SigB,,Sigma Factor,rpoD,,USA300HOU_RS04170,RegulonDB
SigB,,Sigma Factor,rpoD,,USA300HOU_RS13410,RegulonDB
SigB,,Sigma Factor,rpoD,,USA300HOU_RS13005,RegulonDB
SigB,,Sigma Factor,rpoD,,USA300HOU_RS14145,RegulonDB
SigB,,Sigma Factor,rpoD,,USA300HOU_RS01175,RegulonDB
SigB,,Sigma Factor,rpoD,,USA300HOU_RS04305,RegulonDB
SigB,,Sigma Factor,rpoD,,USA300HOU_RS06495,RegulonDB
SigB,,Sigma Factor,rpoD,,USA300HOU_RS14005,RegulonDB
SigB,,Sigma Factor,rpoD,,USA300HOU_RS03710,RegulonDB
VraR,Unknown,TF,mechanosensitive ion channel family protein,SA0349,USA300HOU_RS01915,RegulonDB
VraR,Unknown,TF,protein VraX,SAS016,USA300HOU_RS03030,RegulonDB
VraR,Unknown,TF,M50 family peptidase,SA0591,USA300HOU_RS03440,RegulonDB
VraR,Unknown,TF,TVP38/TMEM64 family protein,SA0824,USA300HOU_RS04780,RegulonDB
VraR,Unknown,TF,DUF5011 domain-containing protein,SA0914,USA300HOU_RS05290,RegulonDB
VraR,Unknown,TF,guanosine monophosphate reductase,SA1172,USA300HOU_RS06800,RegulonDB
VraR,Unknown,TF,regulatory protein MsrR,SA1195,USA300HOU_RS06935,RegulonDB
VraR,Unknown,TF,hypothetical protein,SA1254,USA300HOU_RS07265,RegulonDB
VraR,Unknown,TF,DUF4930 family protein,SA1476,USA300HOU_RS08780,RegulonDB
VraR,Unknown,TF,foldase,SA1659,USA300HOU_RS09835,RegulonDB
VraR,Unknown,TF,monofunctional glycosyltransferase,SA1691,USA300HOU_RS10170,RegulonDB
VraR,Unknown,TF,DUF3267 domain-containing protein,SA1712,USA300HOU_RS10295,RegulonDB
VraR,Unknown,TF,ATPase,SA1795,USA300HOU_RS10780,RegulonDB
VraR,Unknown,TF,DUF771 domain-containing protein,SA1799,USA300HOU_RS10800,RegulonDB
VraR,Unknown,TF,oxidoreductase,SA1801,USA300HOU_RS10810,RegulonDB
VraR,Unknown,TF,XRE family transcriptional regulator,SA1804,USA300HOU_RS10825,RegulonDB
VraR,Unknown,TF,UDP-N-acetylglucosamine 1-carboxyvinyltransferase,SA1926,USA300HOU_RS11465,RegulonDB
VraR,Unknown,TF,transcriptional regulator,SA2103,USA300HOU_RS12505,RegulonDB
VraR,Unknown,TF,hypothetical protein,SA2113,USA300HOU_RS12570,RegulonDB
VraR,Unknown,TF,zinc ribbon domain-containing protein,SA2146,USA300HOU_RS12745,RegulonDB
VraR,Unknown,TF,membrane protein,SA2221,USA300HOU_RS13180,RegulonDB
VraR,Unknown,TF,protein flp,SA2230,USA300HOU_RS13230,RegulonDB
VraR,Unknown,TF,MerR family transcriptional regulator,SA2296,USA300HOU_RS13585,RegulonDB
VraR,Unknown,TF,GTP pyrophosphokinase family protein,SA2297,USA300HOU_RS13590,RegulonDB
VraR,Unknown,TF,SMP-30/gluconolactonase/LRE family protein,SA2480,USA300HOU_RS14590,RegulonDB
VraR,Unknown,TF,rhodanese-related sulfurtransferase,SA2481,USA300HOU_RS14595,RegulonDB
VraR,Unknown,TF,MFS transporter,SA2176,USA300HOU_RS12915,RegulonDB
VraR,Unknown,TF,respiratory nitrate reductase subunit gamma,SA2182,USA300HOU_RS12945,RegulonDB
VraR,Unknown,TF,nitrate reductase molybdenum cofactor assembly chaperone,SA2183,USA300HOU_RS12950,RegulonDB
VraR,Unknown,TF,nitrate reductase subunit beta,SA2184,USA300HOU_RS12955,RegulonDB
VraR,Unknown,TF,uroporphyrinogen-III C-methyltransferase,SA2186,USA300HOU_RS12965,RegulonDB
VraR,Unknown,TF,nitrite reductase (NAD(P)H) small subunit,SA2187,USA300HOU_RS12970,RegulonDB
VraR,Unknown,TF,NAD(P)/FAD-dependent oxidoreductase,SA2188,USA300HOU_RS12975,RegulonDB
VraR,Unknown,TF,hypothetical protein,SA2343,USA300HOU_RS13875,RegulonDB
VraR,Unknown,TF,recombinase,SA1794,USA300HOU_RS10775,RegulonDB
VraR,Unknown,TF,DUF1108 family protein,SA1797,USA300HOU_RS10785,RegulonDB
VraR,Unknown,TF,hypothetical protein,SA1802,USA300HOU_RS10815,RegulonDB
VraR,Unknown,TF,hypothetical protein,SA0608,USA300HOU_RS03530,RegulonDB
VraR,Unknown,TF,hypothetical protein,SA0749,USA300HOU_RS04305,RegulonDB
VraR,Unknown,TF,signal peptidase I,SA0825,USA300HOU_RS04785,RegulonDB
VraR,Unknown,TF,isoprenyl transferase,SA1103,USA300HOU_RS06350,RegulonDB
VraR,Unknown,TF,glucose-specific phosphotransferase enzyme IIA component,SA1255,USA300HOU_RS07270,RegulonDB
VraS2,Unknown,TF,proline/betaine transporter,SA0531,USA300HOU_RS03005,RegulonDB
VraS2,Unknown,TF,glucose-specific phosphotransferase enzyme IIA component,SA1255,USA300HOU_RS07270,RegulonDB
VraS2,Unknown,TF,Bcr/CflA family efflux MFS transporter,SA2145,USA300HOU_RS12735,RegulonDB
VraS2,Unknown,TF,glycerate kinase,SA2220,USA300HOU_RS13175,RegulonDB
VraS2,Unknown,TF,Bcr/CflA family efflux MFS transporter,SA2222,USA300HOU_RS13185,RegulonDB
VraS2,Unknown,TF,1-acyl-sn-glycerol-3-phosphate acyltransferase,SA1548,USA300HOU_RS09165,RegulonDB
VraS2,Unknown,TF,RNA methyltransferase,SA1713,USA300HOU_RS10300,RegulonDB
VraS2,Unknown,TF,transcriptional regulator,SA2103,USA300HOU_RS12505,RegulonDB
VraS2,Unknown,TF,MerR family transcriptional regulator,SA2296,USA300HOU_RS13585,RegulonDB
VraS2,Unknown,TF,DNA polymerase IV,SA1711,USA300HOU_RS10290,RegulonDB
VraS2,Unknown,TF,N-acetylmannosaminyltransferase,SA0592,USA300HOU_RS03445,RegulonDB
VraS2,Unknown,TF,protein FmtA,SA0909,USA300HOU_RS05260,RegulonDB
VraS2,Unknown,TF,BCCT family transporter,SA1183,USA300HOU_RS06865,RegulonDB
VraS2,Unknown,TF,serine protease,SA1253,USA300HOU_RS07255,RegulonDB
VraS2,Unknown,TF,penicillin-binding protein,SA1283,USA300HOU_RS07420,RegulonDB
VraS2,Unknown,TF,monofunctional glycosyltransferase,SA1691,USA300HOU_RS10170,RegulonDB
VraS2,Unknown,TF,UDP-N-acetylglucosamine 1-carboxyvinyltransferase,SA1926,USA300HOU_RS11465,RegulonDB
VraS2,Unknown,TF,signal peptidase I,SA0825,USA300HOU_RS04785,RegulonDB
VraS2,Unknown,TF,PDZ domain-containing protein,SA1549,USA300HOU_RS09170,RegulonDB
VraS2,Unknown,TF,foldase,SA1659,USA300HOU_RS09835,RegulonDB
VraS2,Unknown,TF,copper-exporting P-type ATPase A,SA2344,USA300HOU_RS13880,RegulonDB
VraS2,Unknown,TF,assimilatory sulfite reductase (NADPH) flavoprotein subunit,SA2413,USA300HOU_RS14220,RegulonDB
VraS2,Unknown,TF,DNA-binding response regulator,SA1700,USA300HOU_RS10220,RegulonDB
VraS2,Unknown,TF,two-component sensor histidine kinase,SA1701,USA300HOU_RS10225,RegulonDB
VraS2,Unknown,TF,hypothetical protein,SA0536,USA300HOU_RS03025,RegulonDB
VraS2,Unknown,TF,hypothetical protein,SA0608,USA300HOU_RS03530,RegulonDB
VraS2,Unknown,TF,lipoteichoic acid synthase,SA0674,USA300HOU_RS03880,RegulonDB
VraS2,Unknown,TF,DUF5011 domain-containing protein,SA0914,USA300HOU_RS05290,RegulonDB
VraS2,Unknown,TF,hypothetical protein,SA0931,USA300HOU_RS05380,RegulonDB
VraS2,Unknown,TF,DUF1507 family protein,SA0961,USA300HOU_RS05550,RegulonDB
VraS2,Unknown,TF,hypothetical protein,SA1254,USA300HOU_RS07265,RegulonDB
VraS2,Unknown,TF,Holliday junction resolvase RecU,SA1282,USA300HOU_RS07415,RegulonDB
VraS2,Unknown,TF,DUF4930 family protein,SA1476,USA300HOU_RS08780,RegulonDB
VraS2,Unknown,TF,YtxH domain-containing protein,SA1657,USA300HOU_RS09825,RegulonDB
VraS2,Unknown,TF,DUF3267 domain-containing protein,SA1658,USA300HOU_RS09830,RegulonDB
VraS2,Unknown,TF,transporter,SA1702,USA300HOU_RS10230,RegulonDB
VraS2,Unknown,TF,hypothetical protein,SA1703,USA300HOU_RS10235,RegulonDB
VraS2,Unknown,TF,DUF3267 domain-containing protein,SA1712,USA300HOU_RS10295,RegulonDB
VraS2,Unknown,TF,hypothetical protein,SA2113,USA300HOU_RS12570,RegulonDB
VraS2,Unknown,TF,zinc ribbon domain-containing protein,SA2146,USA300HOU_RS12745,RegulonDB
VraS2,Unknown,TF,membrane protein,SA2221,USA300HOU_RS13180,RegulonDB
VraS2,Unknown,TF,GTP pyrophosphokinase family protein,SA2297,USA300HOU_RS13590,RegulonDB
VraS2,Unknown,TF,DUF2188 domain-containing protein,SA2298,USA300HOU_RS13595,RegulonDB
VraS2,Unknown,TF,hypothetical protein,SA2343,USA300HOU_RS13875,RegulonDB
VraS2,Unknown,TF,SMP-30/gluconolactonase/LRE family protein,SA2480,USA300HOU_RS14590,RegulonDB
WalR,Unknown,TF,glycine-glycine endopeptidase LytM,SA2480,USA300HOU_RS01445,RegulonDB
WalR,Unknown,TF,N-acetylmuramoyl-L-alanine amidase,SA2480,USA300HOU_RS02340,RegulonDB
WalR,Unknown,TF,LysM peptidoglycan-binding domain-containing protein,SA2480,USA300HOU_RS03595,RegulonDB
WalR,Unknown,TF,CHAP domain-containing protein,SA2480,USA300HOU_RS04090,RegulonDB
WalR,Unknown,TF,bifunctional autolysin,SA2480,USA300HOU_RS05240,RegulonDB
WalR,Unknown,TF,protein FmtA,SA2480,USA300HOU_RS05260,RegulonDB
WalR,Unknown,TF,methicillin resistance protein FmtB,SA2480,USA300HOU_RS11650,RegulonDB
WalR,Unknown,TF,CHAP domain-containing protein,SA2480,USA300HOU_RS12440,RegulonDB
WalR,Unknown,TF,CHAP domain-containing protein,SA2480,USA300HOU_RS12465,RegulonDB
WalR,Unknown,TF,CHAP domain-containing protein,SA2480,USA300HOU_RS13795,RegulonDB
WalR,Unknown,TF,CHAP domain-containing protein,SA2480,USA300HOU_RS13925,RegulonDB
WalR,Unknown,TF,DNA-binding response regulator,SA2480,USA300HOU_RS00100,RegulonDB
WalR,Unknown,TF,multidrug efflux MATE transporter transcriptional repressor MepR,SA2480,USA300HOU_RS01770,RegulonDB
WalR,Unknown,TF,two-component sensor histidine kinase,SA2480,USA300HOU_RS03810,RegulonDB
WalR,Unknown,TF,DNA-binding response regulator,SA2480,USA300HOU_RS03815,RegulonDB
WalR,Unknown,TF,DoxX family protein,SA2480,USA300HOU_RS03820,RegulonDB
WalR,Unknown,TF,hypothetical protein,SA2480,USA300HOU_RS03825,RegulonDB
WalR,Unknown,TF,XRE family transcriptional regulator,SA2480,USA300HOU_RS05480,RegulonDB
WalR,Unknown,TF,HrcA family transcriptional regulator,SA2480,USA300HOU_RS08435,RegulonDB
WalR,Unknown,TF,PadR family transcriptional regulator,SA2480,USA300HOU_RS14610,RegulonDB
WalR,Unknown,TF,coagulase,SA2480,USA300HOU_RS01175,RegulonDB
WalR,Unknown,TF,hypothetical protein,SA2480,USA300HOU_RS04280,RegulonDB
WalR,Unknown,TF,fibrinogen-binding protein,SA2480,USA300HOU_RS05775,RegulonDB
WalR,Unknown,TF,fibrinogen-binding protein,SA2480,USA300HOU_RS05795,RegulonDB
WalR,Unknown,TF,alpha-hemolysin,SA2480,USA300HOU_RS05825,RegulonDB
WalR,Unknown,TF,serine protease SplF,SA2480,USA300HOU_RS09630,RegulonDB
WalR,Unknown,TF,serine protease SplE,SA2480,USA300HOU_RS09635,RegulonDB
WalR,Unknown,TF,serine protease SplD,SA2480,USA300HOU_RS09640,RegulonDB
WalR,Unknown,TF,serine protease SplC,SA2480,USA300HOU_RS09645,RegulonDB
WalR,Unknown,TF,serine protease SplB,SA2480,USA300HOU_RS09650,RegulonDB
WalR,Unknown,TF,serine protease SplA,SA2480,USA300HOU_RS09655,RegulonDB
WalR,Unknown,TF,MAP domain-containing protein,SA2480,USA300HOU_RS10525,RegulonDB
WalR,Unknown,TF,hypothetical protein,SA2480,USA300HOU_RS10550,RegulonDB
WalR,Unknown,TF,chemotaxis inhibitory protein,SA2480,USA300HOU_RS10555,RegulonDB
WalR,Unknown,TF,bi-component leukocidin LukGH subunit H,SA2480,USA300HOU_RS10875,RegulonDB
WalR,Unknown,TF,immunoglobulin-binding protein Sbi,SA2480,USA300HOU_RS13085,RegulonDB
WalR,Unknown,TF,bi-component gamma-hemolysin HlgAB subunit A,SA2480,USA300HOU_RS13095,RegulonDB
WalR,Unknown,TF,bi-component gamma-hemolysin HlgCB subunit C,SA2480,USA300HOU_RS13100,RegulonDB
WalR,Unknown,TF,bi-component gamma-hemolysin HlgAB/HlgCB subunit B,SA2480,USA300HOU_RS13105,RegulonDB
WalR,Unknown,TF,LPXTG cell wall anchor domain-containing protein,SA2480,USA300HOU_RS13550,RegulonDB
WalR,Unknown,TF,fibronectin-binding protein A,SA2480,USA300HOU_RS13555,RegulonDB
WalR,Unknown,TF,excinuclease ABC subunit B,SA2480,USA300HOU_RS02750,RegulonDB
WalR,Unknown,TF,DNA repair protein RadA,SA2480,USA300HOU_RS02770,RegulonDB
WalR,Unknown,TF,chaperone protein ClpB,SA2480,USA300HOU_RS04835,RegulonDB
WalR,Unknown,TF,molecular chaperone DnaJ,SA2480,USA300HOU_RS08420,RegulonDB
WalR,Unknown,TF,nucleotide exchange factor GrpE,SA2480,USA300HOU_RS08430,RegulonDB
WalR,Unknown,TF,DNA polymerase IV,SA2480,USA300HOU_RS10290,RegulonDB
WalR,Unknown,TF,Na/Pi cotransporter family protein,SA2480,USA300HOU_RS00550,RegulonDB
WalR,Unknown,TF,MFS transporter,SA2480,USA300HOU_RS00940,RegulonDB
WalR,Unknown,TF,sodium-dependent transporter,SA2480,USA300HOU_RS02310,RegulonDB
WalR,Unknown,TF,spermidine/putrescine import ATP-binding protein PotA,SA2480,USA300HOU_RS05485,RegulonDB
WalR,Unknown,TF,protein translocase subunit SecDF,SA2480,USA300HOU_RS08710,RegulonDB
WalR,Unknown,TF,foldase,SA2480,USA300HOU_RS09835,RegulonDB
WalR,Unknown,TF,ABC transporter permease subunit,SA2480,USA300HOU_RS09930,RegulonDB
WalR,Unknown,TF,YSIRK-type signal peptide-containing protein,SA2480,USA300HOU_RS01700,RegulonDB
WalR,Unknown,TF,glycerophosphodiester phosphodiesterase,SA2480,USA300HOU_RS04760,RegulonDB
WalR,Unknown,TF,aspartate carbamoyltransferase,SA2480,USA300HOU_RS06030,RegulonDB
WalR,Unknown,TF,dihydroorotase,SA2480,USA300HOU_RS06035,RegulonDB
WalR,Unknown,TF,carbamoyl-phosphate synthase small chain,SA2480,USA300HOU_RS06040,RegulonDB
WalR,Unknown,TF,carbamoyl-phosphate synthase large chain,SA2480,USA300HOU_RS06045,RegulonDB
WalR,Unknown,TF,orotidine-5'-phosphate decarboxylase,SA2480,USA300HOU_RS06050,RegulonDB
WalR,Unknown,TF,orotate phosphoribosyltransferase,SA2480,USA300HOU_RS06055,RegulonDB
WalR,Unknown,TF,serine/threonine dehydratase,SA2480,USA300HOU_RS07355,RegulonDB
WalR,Unknown,TF,pyruvate formate-lyase-activating enzyme,SA2480,USA300HOU_RS01155,RegulonDB
WalR,Unknown,TF,superantigen-like protein SSL11,SA2480,USA300HOU_RS02180,RegulonDB
WalR,Unknown,TF,NUDIX domain-containing protein,SA2480,USA300HOU_RS02350,RegulonDB
WalR,Unknown,TF,50S ribosomal protein L11 methyltransferase,SA2480,USA300HOU_RS08415,RegulonDB
WalR,Unknown,TF,PTS transporter subunit IIC,SA2480,USA300HOU_RS09935,RegulonDB
WalR,Unknown,TF,non-ribosomal peptide synthetase,SA2480,USA300HOU_RS00945,RegulonDB
WalR,Unknown,TF,membrane protein,SA2480,USA300HOU_RS01125,RegulonDB
WalR,Unknown,TF,hypothetical protein,SA2480,USA300HOU_RS01170,RegulonDB
WalR,Unknown,TF,toxin,SA2480,USA300HOU_RS01965,RegulonDB
WalR,Unknown,TF,myeloperoxidase inhibitor SPIN,SA2480,USA300HOU_RS02190,RegulonDB
WalR,Unknown,TF,GNAT family N-acetyltransferase,SA2480,USA300HOU_RS02355,RegulonDB
WalR,Unknown,TF,PIN/TRAM domain-containing protein,SA2480,USA300HOU_RS02775,RegulonDB
WalR,Unknown,TF,protein VraX,SA2480,USA300HOU_RS03030,RegulonDB
WalR,Unknown,TF,hypothetical protein,SA2480,USA300HOU_RS03760,RegulonDB
WalR,Unknown,TF,FPRL1 inhibitory protein,SA2480,USA300HOU_RS05785,RegulonDB
WalR,Unknown,TF,hypothetical protein,SA2480,USA300HOU_RS05790,RegulonDB
WalR,Unknown,TF,fibrinogen-binding protein,SA2480,USA300HOU_RS05800,RegulonDB
WalR,Unknown,TF,DNA-protecting protein DprA,SA2480,USA300HOU_RS06285,RegulonDB
WalR,Unknown,TF,amino acid permease,SA2480,USA300HOU_RS07350,RegulonDB
WalR,Unknown,TF,IreB family regulatory phosphoprotein,SA2480,USA300HOU_RS08610,RegulonDB
WalR,Unknown,TF,hypothetical protein,SA2480,USA300HOU_RS08775,RegulonDB
WalR,Unknown,TF,DUF4930 family protein,SA2480,USA300HOU_RS08780,RegulonDB
WalR,Unknown,TF,autolysin,SA2480,USA300HOU_RS09425,RegulonDB
WalR,Unknown,TF,DUF4909 domain-containing protein,SA2480,USA300HOU_RS09535,RegulonDB
WalR,Unknown,TF,calcium-binding protein,SA2480,USA300HOU_RS09540,RegulonDB
WalR,Unknown,TF,DUF4352 domain-containing protein,SA2480,USA300HOU_RS09545,RegulonDB
WalR,Unknown,TF,DUF4888 domain-containing protein,SA2480,USA300HOU_RS09665,RegulonDB
WalR,Unknown,TF,DUF3267 domain-containing protein,SA2480,USA300HOU_RS10295,RegulonDB
WalR,Unknown,TF,hypothetical protein,SA2480,USA300HOU_RS10535,RegulonDB
WalR,Unknown,TF,bi-component leukocidin LukGH subunit G,SA2480,USA300HOU_RS10870,RegulonDB
WalR,Unknown,TF,hypothetical protein,SA2480,USA300HOU_RS10940,RegulonDB
WalR,Unknown,TF,zinc-binding alcohol dehydrogenase,SA2480,USA300HOU_RS11850,RegulonDB
WalR,Unknown,TF,CPBP family intramembrane metalloprotease SdpC,SA2480,USA300HOU_RS12635,RegulonDB
WalR,Unknown,TF,hypothetical protein,SA2480,USA300HOU_RS13065,RegulonDB
WalR,Unknown,TF,hypothetical protein,SA2480,USA300HOU_RS13875,RegulonDB
WalR,Unknown,TF,HTH-type transcriptional regulator SarS,SA2480,USA300HOU_RS00585,RegulonDB
WalR,Unknown,TF,transcriptional regulator,SA2480,USA300HOU_RS13535,RegulonDB
WalR,Unknown,TF,biofilm operon icaADBC HTH-type negative transcriptional regulator IcaR,SA2480,USA300HOU_RS14475,RegulonDB
WalR,Unknown,TF,immunoglobulin G-binding protein A,SA2480,USA300HOU_RS00580,RegulonDB
WalR,Unknown,TF,ATP-dependent Clp protease ATP-binding subunit,SA2480,USA300HOU_RS13830,RegulonDB
WalR,Unknown,TF,proline/betaine transporter,SA2480,USA300HOU_RS03005,RegulonDB
WalR,Unknown,TF,BCCT family transporter,SA2480,USA300HOU_RS11845,RegulonDB
WalR,Unknown,TF,iron export ABC transporter permease subunit FetB,SA2480,USA300HOU_RS13305,RegulonDB
WalR,Unknown,TF,ATP-binding cassette domain-containing protein,SA2480,USA300HOU_RS13310,RegulonDB
WalR,Unknown,TF,mannitol-1-phosphate 5-dehydrogenase,SA2480,USA300HOU_RS11645,RegulonDB
WalR,Unknown,TF,acetolactate synthase AlsS,SA2480,USA300HOU_RS11965,RegulonDB
WalR,Unknown,TF,lactate dehydrogenase,SA2480,USA300HOU_RS13685,RegulonDB
WalR,Unknown,TF,recombinase,SA2480,USA300HOU_RS03375,RegulonDB
WalR,Unknown,TF,DUF1648 domain-containing protein,SA2480,USA300HOU_RS00570,RegulonDB
WalR,Unknown,TF,cell-wall-anchored protein SasD,SA2480,USA300HOU_RS00705,RegulonDB
WalR,Unknown,TF,hypothetical protein,SA2480,USA300HOU_RS00900,RegulonDB
WalR,Unknown,TF,FtsX-like permease family protein,SA2480,USA300HOU_RS01640,RegulonDB
WalR,Unknown,TF,peptidase,SA2480,USA300HOU_RS01975,RegulonDB
WalR,Unknown,TF,hypothetical protein,SA2480,USA300HOU_RS02345,RegulonDB
WalR,Unknown,TF,YibE/F family protein,SA2480,USA300HOU_RS02360,RegulonDB
WalR,Unknown,TF,3-hexulose-6-phosphate synthase,SA2480,USA300HOU_RS02990,RegulonDB
WalR,Unknown,TF,hypothetical protein,SA2480,USA300HOU_RS03260,RegulonDB
WalR,Unknown,TF,alpha/beta hydrolase,SA2480,USA300HOU_RS03270,RegulonDB
WalR,Unknown,TF,MarR family transcriptional regulator,SA2480,USA300HOU_RS03610,RegulonDB
WalR,Unknown,TF,YaiI/YqxD family protein,SA2480,USA300HOU_RS03685,RegulonDB
WalR,Unknown,TF,hypothetical protein,SA2480,USA300HOU_RS03690,RegulonDB
WalR,Unknown,TF,aldo/keto reductase,SA2480,USA300HOU_RS03800,RegulonDB
WalR,Unknown,TF,lipid kinase,SA2480,USA300HOU_RS03920,RegulonDB
WalR,Unknown,TF,hypothetical protein,SA2480,USA300HOU_RS04300,RegulonDB
WalR,Unknown,TF,hypothetical protein,SA2480,USA300HOU_RS04305,RegulonDB
WalR,Unknown,TF,organic hydroperoxide reductase OsmC/OhrA,SA2480,USA300HOU_RS04350,RegulonDB
WalR,Unknown,TF,hypothetical protein,SA2480,USA300HOU_RS05165,RegulonDB
WalR,Unknown,TF,hypothetical protein,SA2480,USA300HOU_RS05375,RegulonDB
WalR,Unknown,TF,hypothetical protein,SA2480,USA300HOU_RS05390,RegulonDB
WalR,Unknown,TF,hypothetical protein,SA2480,USA300HOU_RS06485,RegulonDB
WalR,Unknown,TF,metal-dependent hydrolase,SA2480,USA300HOU_RS09050,RegulonDB
WalR,Unknown,TF,type 1 glutamine amidotransferase,SA2480,USA300HOU_RS10175,RegulonDB
WalR,Unknown,TF,ArgE/DapE family deacylase,SA2480,USA300HOU_RS10880,RegulonDB
WalR,Unknown,TF,hypothetical protein,SA2480,USA300HOU_RS11255,RegulonDB
WalR,Unknown,TF,DUF1146 domain-containing protein,SA2480,USA300HOU_RS11345,RegulonDB
WalR,Unknown,TF,SDR family oxidoreductase,SA2480,USA300HOU_RS11575,RegulonDB
WalR,Unknown,TF,hypothetical protein,SA2480,USA300HOU_RS12445,RegulonDB
WalR,Unknown,TF,carboxymuconolactone decarboxylase family protein,SA2480,USA300HOU_RS13410,RegulonDB
WalR,Unknown,TF,hypothetical protein,SA2480,USA300HOU_RS13740,RegulonDB
WalR,Unknown,TF,diapolycopene oxygenase,SA2480,USA300HOU_RS13915,RegulonDB
WalR,Unknown,TF,hypothetical protein,SA2480,USA300HOU_RS13920,RegulonDB
WalR,Unknown,TF,amidohydrolase,SA2480,USA300HOU_RS13995,RegulonDB
WalR,Unknown,TF,alpha/beta hydrolase,SA2480,USA300HOU_RS14000,RegulonDB
WalR,Unknown,TF,fructosamine kinase family protein,SA2480,USA300HOU_RS14035,RegulonDB
WalR,Unknown,TF,hypothetical protein,SA2480,USA300HOU_RS14120,RegulonDB
WalR,Unknown,TF,antibiotic biosynthesis monooxygenase,SA2480,USA300HOU_RS14145,RegulonDB
WalR,Unknown,TF,hypothetical protein,SA2480,USA300HOU_RS14150,RegulonDB
WalR,Unknown,TF,MBL fold metallo-hydrolase,SA2480,USA300HOU_RS14175,RegulonDB
WalR,Unknown,TF,hypothetical protein,SA2480,USA300HOU_RS14440,RegulonDB
WalR,Unknown,TF,DNA-binding protein,SA2480,USA300HOU_RS14630,RegulonDB
GraS,Unknown,TF,phosphatidylglycerol lysyltransferase,SA2480,USA300HOU_RS06925,RegulonDB
GraS,Unknown,TF,carboxylesterase/lipase family protein,SA2480,USA300HOU_RS13295,RegulonDB
GraS,Unknown,TF,ABC transporter ATP-binding protein,SA2480,USA300HOU_RS03575,RegulonDB
GraS,Unknown,TF,ABC transporter ATP-binding protein,SA2480,USA300HOU_RS01050,RegulonDB
GraS,Unknown,TF,MFS transporter,SA2480,USA300HOU_RS13605,RegulonDB
GraS,Unknown,TF,DUF47 domain-containing protein,SA2480,USA300HOU_RS03585,RegulonDB
GraS,Unknown,TF,MarR family transcriptional regulator,SA2480,USA300HOU_RS05230,RegulonDB
GraS,Unknown,TF,CHAP domain-containing protein,SA2480,USA300HOU_RS12440,RegulonDB
GraS,Unknown,TF,hypothetical protein,SA2480,USA300HOU_RS05145,RegulonDB
GraS,Unknown,TF,alanine dehydrogenase,SA2480,USA300HOU_RS09065,RegulonDB
GraS,Unknown,TF,quinol oxidase subunit 2,SA2480,USA300HOU_RS05280,RegulonDB
GraS,Unknown,TF,dihydroneopterin aldolase,SA2480,USA300HOU_RS00435,RegulonDB
GraS,Unknown,TF,aldo/keto reductase,SA2480,USA300HOU_RS09485,RegulonDB
GraS,Unknown,TF,pyridine nucleotide-disulfide oxidoreductase,SA2480,USA300HOU_RS04685,RegulonDB
GraS,Unknown,TF,prepilin-type N-terminal cleavage/methylation domain-containing protein,SA2480,USA300HOU_RS08220,RegulonDB
GraS,Unknown,TF,50S ribosomal protein L5,SA2480,USA300HOU_RS12115,RegulonDB
GraS,Unknown,TF,hypothetical protein,SA2480,USA300HOU_RS10940,RegulonDB
GraS,Unknown,TF,signal peptidase IB,SA2480,USA300HOU_RS04790,RegulonDB
GraS,Unknown,TF,universal stress protein UspA,SA2480,USA300HOU_RS09070,RegulonDB
GraS,Unknown,TF,DedA family protein,SA2480,USA300HOU_RS13610,RegulonDB
GraS,Unknown,TF,acyltransferase family protein,SA2480,USA300HOU_RS05225,RegulonDB
GraS,Unknown,TF,metal-sensitive transcriptional regulator,SA2480,USA300HOU_RS00430,RegulonDB
GraS,Unknown,TF,DUF1440 domain-containing protein,SA2480,USA300HOU_RS00955,RegulonDB
GraS,Unknown,TF,hypothetical protein,SA2480,USA300HOU_RS15230,RegulonDB
GraS,Unknown,TF,DNA polymerase III subunit alpha,SA2480,USA300HOU_RS06370,RegulonDB
GraS,Unknown,TF,hypothetical protein,SA2480,USA300HOU_RS11255,RegulonDB
Genomic Island 1,Genomic Island 1,Genomic Island,hypothetical protein,,USA300HOU_RS00210,RegulonDB
Genomic Island 1,Genomic Island 1,Genomic Island,ACP synthase,,USA300HOU_RS00215,RegulonDB
Genomic Island 1,Genomic Island 1,Genomic Island,ATPase AAA,,USA300HOU_RS00220,RegulonDB
Genomic Island 1,Genomic Island 1,Genomic Island,MBL fold hydrolase,,USA300HOU_RS00230,RegulonDB
Genomic Island 1,Genomic Island 1,Genomic Island,HNH endonuclease,,USA300HOU_RS00235,RegulonDB
Genomic Island 1,Genomic Island 1,Genomic Island,membrane protein,,USA300HOU_RS00240,RegulonDB
Genomic Island 1,Genomic Island 1,Genomic Island,hypothetical protein,,USA300HOU_RS00245,RegulonDB
Genomic Island 1,Genomic Island 1,Genomic Island,hypothetical protein,,USA300HOU_RS00250,RegulonDB
Genomic Island 1,Genomic Island 1,Genomic Island,hypothetical protein,,USA300HOU_RS00255,RegulonDB
Genomic Island 1,Genomic Island 1,Genomic Island,hypothetical protein,,USA300HOU_RS00260,RegulonDB
Genomic Island 1,Genomic Island 1,Genomic Island,transposase,,USA300HOU_RS00265,RegulonDB
Genomic Island 1,Genomic Island 1,Genomic Island,spermidine N1-acetyltransferase,,USA300HOU_RS00270,RegulonDB
Genomic Island 1,Genomic Island 1,Genomic Island,alcohol dehydrogenase,,USA300HOU_RS00275,RegulonDB
Genomic Island 1,Genomic Island 1,Genomic Island,hypothetical protein,,USA300HOU_RS00280,RegulonDB
Genomic Island 1,Genomic Island 1,Genomic Island,hypothetical protein,,USA300HOU_RS00285,RegulonDB
Genomic Island 1,Genomic Island 1,Genomic Island,hypothetical protein,,USA300HOU_RS00290,RegulonDB
Genomic Island 1,Genomic Island 1,Genomic Island,hypothetical protein,,USA300HOU_RS00295,RegulonDB
Genomic Island 1,Genomic Island 1,Genomic Island,transposase,,USA300HOU_RS00300,RegulonDB
Genomic Island 1,Genomic Island 1,Genomic Island,carbamate kinase,,USA300HOU_RS00305,RegulonDB
Genomic Island 1,Genomic Island 1,Genomic Island,"ornithine carbamoyltransferase 1, catabolic",,USA300HOU_RS00310,RegulonDB
Genomic Island 1,Genomic Island 1,Genomic Island,Crp/Fnr family transcriptional regulator,,USA300HOU_RS00315,RegulonDB
Genomic Island 1,Genomic Island 1,Genomic Island,arginine-ornithine antiporter,,USA300HOU_RS00320,RegulonDB
Genomic Island 1,Genomic Island 1,Genomic Island,arginine deiminase,,USA300HOU_RS00325,RegulonDB
Genomic Island 1,Genomic Island 1,Genomic Island,ArgR family transcriptional regulator,,USA300HOU_RS00330,RegulonDB
Genomic Island 2,Genomic Island 2,Genomic Island,transposase,,USA300HOU_RS03120,RegulonDB
Genomic Island 2,Genomic Island 2,Genomic Island,hypothetical protein,,USA300HOU_RS03125,RegulonDB
Genomic Island 2,Genomic Island 2,Genomic Island,hypothetical protein,,USA300HOU_RS03130,RegulonDB
Genomic Island 2,Genomic Island 2,Genomic Island,hypothetical protein,,USA300HOU_RS03135,RegulonDB
Genomic Island 2,Genomic Island 2,Genomic Island,hypothetical protein,,USA300HOU_RS03140,RegulonDB
Genomic Island 2,Genomic Island 2,Genomic Island,hypothetical protein,,USA300HOU_RS03150,RegulonDB
Genomic Island 2,Genomic Island 2,Genomic Island,hypothetical protein,,USA300HOU_RS03155,RegulonDB
Genomic Island 2,Genomic Island 2,Genomic Island,hypothetical protein,,USA300HOU_RS03160,RegulonDB
Genomic Island 2,Genomic Island 2,Genomic Island,hypothetical protein,,USA300HOU_RS03165,RegulonDB
Genomic Island 2,Genomic Island 2,Genomic Island,hypothetical protein,,USA300HOU_RS03170,RegulonDB
Genomic Island 3,Genomic Island 3,Genomic Island,methionine import ATP-binding protein MetN 2,,USA300HOU_RS04405,RegulonDB
Genomic Island 3,Genomic Island 3,Genomic Island,ABC transporter permease,,USA300HOU_RS04410,RegulonDB
Genomic Island 3,Genomic Island 3,Genomic Island,methionine ABC transporter substrate-binding protein,,USA300HOU_RS04415,RegulonDB
Genomic Island 3,Genomic Island 3,Genomic Island,integrase,,USA300HOU_RS04420,RegulonDB
Genomic Island 3,Genomic Island 3,Genomic Island,enterotoxin,,USA300HOU_RS04425,RegulonDB
Genomic Island 3,Genomic Island 3,Genomic Island,enterotoxin,,USA300HOU_RS04430,RegulonDB
Genomic Island 3,Genomic Island 3,Genomic Island,hypothetical protein,,USA300HOU_RS04435,RegulonDB
Genomic Island 3,Genomic Island 3,Genomic Island,transcriptional regulator,,USA300HOU_RS04440,RegulonDB
Genomic Island 3,Genomic Island 3,Genomic Island,transcriptional regulator,,USA300HOU_RS04445,RegulonDB
Genomic Island 3,Genomic Island 3,Genomic Island,hypothetical protein,,USA300HOU_RS04450,RegulonDB
Genomic Island 3,Genomic Island 3,Genomic Island,hypothetical protein,,USA300HOU_RS04455,RegulonDB
Genomic Island 3,Genomic Island 3,Genomic Island,hypothetical protein,,USA300HOU_RS04460,RegulonDB
Genomic Island 3,Genomic Island 3,Genomic Island,hypothetical protein,,USA300HOU_RS04465,RegulonDB
Genomic Island 3,Genomic Island 3,Genomic Island,primase,,USA300HOU_RS04470,RegulonDB
Genomic Island 3,Genomic Island 3,Genomic Island,hypothetical protein,,USA300HOU_RS04475,RegulonDB
Genomic Island 3,Genomic Island 3,Genomic Island,hypothetical protein,,USA300HOU_RS04480,RegulonDB
Genomic Island 3,Genomic Island 3,Genomic Island,phage capsid protein,,USA300HOU_RS04485,RegulonDB
Genomic Island 3,Genomic Island 3,Genomic Island,hypothetical protein,,USA300HOU_RS04490,RegulonDB
Genomic Island 3,Genomic Island 3,Genomic Island,CAAX amino protease,,USA300HOU_RS04495,RegulonDB
Genomic Island 3,Genomic Island 3,Genomic Island,hypothetical protein,,USA300HOU_RS04500,RegulonDB
Genomic Island 3,Genomic Island 3,Genomic Island,CsbD family protein,,USA300HOU_RS04505,RegulonDB
Genomic Island 4,Genomic Island 4,Genomic Island,XRE family transcriptional regulator,,USA300HOU_RS06600,RegulonDB
Genomic Island 4,Genomic Island 4,Genomic Island,hypothetical protein,,USA300HOU_RS06605,RegulonDB
Genomic Island 4,Genomic Island 4,Genomic Island,XRE family transcriptional regulator,,USA300HOU_RS06615,RegulonDB
Genomic Island 4,Genomic Island 4,Genomic Island,hypothetical protein,,USA300HOU_RS06630,RegulonDB
Genomic Island 4,Genomic Island 4,Genomic Island,phage head morphogenesis protein,,USA300HOU_RS06635,RegulonDB
Genomic Island 4,Genomic Island 4,Genomic Island,hypothetical protein,,USA300HOU_RS06640,RegulonDB
Genomic Island 4,Genomic Island 4,Genomic Island,hypothetical protein,,USA300HOU_RS06660,RegulonDB
Genomic Island 4,Genomic Island 4,Genomic Island,hypothetical protein,,USA300HOU_RS06670,RegulonDB
Genomic Island 4,Genomic Island 4,Genomic Island,hypothetical protein,,USA300HOU_RS06675,RegulonDB
Genomic Island 4,Genomic Island 4,Genomic Island,hypothetical protein,,USA300HOU_RS06680,RegulonDB
Genomic Island 4,Genomic Island 4,Genomic Island,hypothetical protein,,USA300HOU_RS06685,RegulonDB
Genomic Island 4,Genomic Island 4,Genomic Island,threonine aldolase,,USA300HOU_RS06690,RegulonDB
Genomic Island 5,Genomic Island 5,Genomic Island,phage holin,,USA300HOU_RS07660,RegulonDB
Genomic Island 5,Genomic Island 5,Genomic Island,hypothetical protein,,USA300HOU_RS07665,RegulonDB
Genomic Island 5,Genomic Island 5,Genomic Island,hypothetical protein,,USA300HOU_RS07670,RegulonDB
Genomic Island 5,Genomic Island 5,Genomic Island,hypothetical protein,,USA300HOU_RS07675,RegulonDB
Genomic Island 5,Genomic Island 5,Genomic Island,hypothetical protein,,USA300HOU_RS07680,RegulonDB
Genomic Island 5,Genomic Island 5,Genomic Island,minor structural protein,,USA300HOU_RS07685,RegulonDB
Genomic Island 5,Genomic Island 5,Genomic Island,hypothetical protein,,USA300HOU_RS07690,RegulonDB
Genomic Island 5,Genomic Island 5,Genomic Island,peptidase,,USA300HOU_RS07695,RegulonDB
Genomic Island 5,Genomic Island 5,Genomic Island,holin,,USA300HOU_RS07700,RegulonDB
Genomic Island 6,Genomic Island 6,Genomic Island,hypothetical protein,,USA300HOU_RS07665,RegulonDB
Genomic Island 6,Genomic Island 6,Genomic Island,hypothetical protein,,USA300HOU_RS07670,RegulonDB
Genomic Island 6,Genomic Island 6,Genomic Island,hypothetical protein,,USA300HOU_RS07675,RegulonDB
Genomic Island 6,Genomic Island 6,Genomic Island,hypothetical protein,,USA300HOU_RS07680,RegulonDB
Genomic Island 6,Genomic Island 6,Genomic Island,minor structural protein,,USA300HOU_RS07685,RegulonDB
Genomic Island 6,Genomic Island 6,Genomic Island,hypothetical protein,,USA300HOU_RS07690,RegulonDB
Genomic Island 6,Genomic Island 6,Genomic Island,peptidase,,USA300HOU_RS07695,RegulonDB
Genomic Island 6,Genomic Island 6,Genomic Island,holin,,USA300HOU_RS07700,RegulonDB
Genomic Island 6,Genomic Island 6,Genomic Island,phage tail tape measure protein,,USA300HOU_RS07705,RegulonDB
Genomic Island 6,Genomic Island 6,Genomic Island,hypothetical protein,,USA300HOU_RS07715,RegulonDB
Genomic Island 6,Genomic Island 6,Genomic Island,tail protein,,USA300HOU_RS07720,RegulonDB
Genomic Island 6,Genomic Island 6,Genomic Island,tail protein,,USA300HOU_RS07725,RegulonDB
Genomic Island 6,Genomic Island 6,Genomic Island,hypothetical protein,,USA300HOU_RS07730,RegulonDB
Genomic Island 6,Genomic Island 6,Genomic Island,hypothetical protein,,USA300HOU_RS07735,RegulonDB
Genomic Island 6,Genomic Island 6,Genomic Island,hypothetical protein,,USA300HOU_RS07740,RegulonDB
Genomic Island 6,Genomic Island 6,Genomic Island,phage head-tail adapter protein,,USA300HOU_RS07745,RegulonDB
Genomic Island 6,Genomic Island 6,Genomic Island,phage capsid protein,,USA300HOU_RS07750,RegulonDB
Genomic Island 6,Genomic Island 6,Genomic Island,ATP-dependent Clp protease ClpP,,USA300HOU_RS07755,RegulonDB
Genomic Island 6,Genomic Island 6,Genomic Island,phage portal protein,,USA300HOU_RS07760,RegulonDB
Genomic Island 6,Genomic Island 6,Genomic Island,terminase,,USA300HOU_RS07765,RegulonDB
Genomic Island 6,Genomic Island 6,Genomic Island,terminase,,USA300HOU_RS07770,RegulonDB
Genomic Island 6,Genomic Island 6,Genomic Island,HNH endonuclease,,USA300HOU_RS07775,RegulonDB
Genomic Island 6,Genomic Island 6,Genomic Island,transcriptional regulator,,USA300HOU_RS07780,RegulonDB
Genomic Island 6,Genomic Island 6,Genomic Island,DEAD/DEAH box helicase,,USA300HOU_RS07785,RegulonDB
Genomic Island 6,Genomic Island 6,Genomic Island,nuclease,,USA300HOU_RS07790,RegulonDB
Genomic Island 6,Genomic Island 6,Genomic Island,hypothetical protein,,USA300HOU_RS07800,RegulonDB
Genomic Island 6,Genomic Island 6,Genomic Island,hypothetical protein,,USA300HOU_RS07805,RegulonDB
Genomic Island 6,Genomic Island 6,Genomic Island,hypothetical protein,,USA300HOU_RS07815,RegulonDB
Genomic Island 6,Genomic Island 6,Genomic Island,hypothetical protein,,USA300HOU_RS07820,RegulonDB
Genomic Island 6,Genomic Island 6,Genomic Island,hypothetical protein,,USA300HOU_RS07825,RegulonDB
Genomic Island 6,Genomic Island 6,Genomic Island,hypothetical protein,,USA300HOU_RS07830,RegulonDB
Genomic Island 6,Genomic Island 6,Genomic Island,hypothetical protein,,USA300HOU_RS07835,RegulonDB
Genomic Island 6,Genomic Island 6,Genomic Island,hypothetical protein,,USA300HOU_RS07840,RegulonDB
Genomic Island 6,Genomic Island 6,Genomic Island,hypothetical protein,,USA300HOU_RS07845,RegulonDB
Genomic Island 6,Genomic Island 6,Genomic Island,hypothetical protein,,USA300HOU_RS07855,RegulonDB
Genomic Island 6,Genomic Island 6,Genomic Island,PVL family protein,,USA300HOU_RS07860,RegulonDB
Genomic Island 6,Genomic Island 6,Genomic Island,DNA polymerase,,USA300HOU_RS07870,RegulonDB
Genomic Island 6,Genomic Island 6,Genomic Island,hypothetical protein,,USA300HOU_RS07875,RegulonDB
Genomic Island 6,Genomic Island 6,Genomic Island,nuclease,,USA300HOU_RS07880,RegulonDB
Genomic Island 6,Genomic Island 6,Genomic Island,hypothetical protein,,USA300HOU_RS07885,RegulonDB
Genomic Island 6,Genomic Island 6,Genomic Island,hypothetical protein,,USA300HOU_RS07890,RegulonDB
Genomic Island 6,Genomic Island 6,Genomic Island,hypothetical protein,,USA300HOU_RS07895,RegulonDB
Genomic Island 6,Genomic Island 6,Genomic Island,hypothetical protein,,USA300HOU_RS07900,RegulonDB
Genomic Island 6,Genomic Island 6,Genomic Island,hypothetical protein,,USA300HOU_RS07910,RegulonDB
Genomic Island 6,Genomic Island 6,Genomic Island,hypothetical protein,,USA300HOU_RS07920,RegulonDB
Genomic Island 6,Genomic Island 6,Genomic Island,transcriptional regulator,,USA300HOU_RS07930,RegulonDB
Genomic Island 6,Genomic Island 6,Genomic Island,hypothetical protein,,USA300HOU_RS07935,RegulonDB
Genomic Island 6,Genomic Island 6,Genomic Island,hypothetical protein,,USA300HOU_RS07940,RegulonDB
Genomic Island 7,Genomic Island 7,Genomic Island,hypothetical protein,,USA300HOU_RS07920,RegulonDB
Genomic Island 7,Genomic Island 7,Genomic Island,transcriptional regulator,,USA300HOU_RS07930,RegulonDB
Genomic Island 7,Genomic Island 7,Genomic Island,hypothetical protein,,USA300HOU_RS07935,RegulonDB
Genomic Island 7,Genomic Island 7,Genomic Island,hypothetical protein,,USA300HOU_RS07940,RegulonDB
Genomic Island 7,Genomic Island 7,Genomic Island,hypothetical protein,,USA300HOU_RS07945,RegulonDB
Genomic Island 7,Genomic Island 7,Genomic Island,hypothetical protein,,USA300HOU_RS07950,RegulonDB
Genomic Island 7,Genomic Island 7,Genomic Island,hypothetical protein,,USA300HOU_RS07955,RegulonDB
Genomic Island 7,Genomic Island 7,Genomic Island,integrase,,USA300HOU_RS07960,RegulonDB
Genomic Island 8,Genomic Island 8,Genomic Island,hypothetical protein,,USA300HOU_RS09560,RegulonDB
Genomic Island 8,Genomic Island 8,Genomic Island,hypothetical protein,,USA300HOU_RS09565,RegulonDB
Genomic Island 8,Genomic Island 8,Genomic Island,hypothetical protein,,USA300HOU_RS09570,RegulonDB
Genomic Island 8,Genomic Island 8,Genomic Island,membrane protein,,USA300HOU_RS09575,RegulonDB
Genomic Island 8,Genomic Island 8,Genomic Island,hypothetical protein,,USA300HOU_RS09580,RegulonDB
Genomic Island 8,Genomic Island 8,Genomic Island,transposase,,USA300HOU_RS09585,RegulonDB
Genomic Island 8,Genomic Island 8,Genomic Island,transposase,,USA300HOU_RS09590,RegulonDB
Genomic Island 8,Genomic Island 8,Genomic Island,hypothetical protein,,USA300HOU_RS09600,RegulonDB
Genomic Island 8,Genomic Island 8,Genomic Island,NTPase,,USA300HOU_RS09605,RegulonDB
Genomic Island 8,Genomic Island 8,Genomic Island,specificity determinant HsdS,,USA300HOU_RS09615,RegulonDB
Genomic Island 8,Genomic Island 8,Genomic Island,type I restriction-modification system subunit M,,USA300HOU_RS09620,RegulonDB
Genomic Island 8,Genomic Island 8,Genomic Island,serine protease SplF,,USA300HOU_RS09630,RegulonDB
Genomic Island 8,Genomic Island 8,Genomic Island,serine protease SplE,,USA300HOU_RS09635,RegulonDB
Genomic Island 8,Genomic Island 8,Genomic Island,serine protease SplD,,USA300HOU_RS09640,RegulonDB
Genomic Island 8,Genomic Island 8,Genomic Island,serine protease SplC,,USA300HOU_RS09645,RegulonDB
Genomic Island 9,Genomic Island 9,Genomic Island,hypothetical protein,,USA300HOU_RS10530,RegulonDB
Genomic Island 9,Genomic Island 9,Genomic Island,membrane protein,,USA300HOU_RS10535,RegulonDB
Genomic Island 9,Genomic Island 9,Genomic Island,membrane protein,,USA300HOU_RS10545,RegulonDB
Genomic Island 9,Genomic Island 9,Genomic Island,hypothetical protein,,USA300HOU_RS10550,RegulonDB
Genomic Island 9,Genomic Island 9,Genomic Island,chemotaxis inhibitory protein,,USA300HOU_RS10555,RegulonDB
Genomic Island 9,Genomic Island 9,Genomic Island,peptidoglycan hydrolase,,USA300HOU_RS10560,RegulonDB
Genomic Island 9,Genomic Island 9,Genomic Island,staphylokinase,,USA300HOU_RS10565,RegulonDB
Genomic Island 9,Genomic Island 9,Genomic Island,amidase,,USA300HOU_RS10570,RegulonDB
Genomic Island 9,Genomic Island 9,Genomic Island,holin,,USA300HOU_RS10575,RegulonDB
Genomic Island 9,Genomic Island 9,Genomic Island,hypothetical protein,,USA300HOU_RS10590,RegulonDB
Genomic Island 9,Genomic Island 9,Genomic Island,hypothetical protein,,USA300HOU_RS10595,RegulonDB
Genomic Island 9,Genomic Island 9,Genomic Island,hypothetical protein,,USA300HOU_RS10600,RegulonDB
Genomic Island 9,Genomic Island 9,Genomic Island,hypothetical protein,,USA300HOU_RS10605,RegulonDB
Genomic Island 9,Genomic Island 9,Genomic Island,phage tail protein,,USA300HOU_RS10610,RegulonDB
Genomic Island 9,Genomic Island 9,Genomic Island,phage tail tape measure protein,,USA300HOU_RS10615,RegulonDB
Genomic Island 9,Genomic Island 9,Genomic Island,hypothetical protein,,USA300HOU_RS10625,RegulonDB
Genomic Island 9,Genomic Island 9,Genomic Island,phage tail protein,,USA300HOU_RS10630,RegulonDB
Genomic Island 9,Genomic Island 9,Genomic Island,hypothetical protein,,USA300HOU_RS10635,RegulonDB
Genomic Island 9,Genomic Island 9,Genomic Island,hypothetical protein,,USA300HOU_RS10640,RegulonDB
Genomic Island 9,Genomic Island 9,Genomic Island,phage head-tail adapter protein,,USA300HOU_RS10645,RegulonDB
Genomic Island 9,Genomic Island 9,Genomic Island,phage head-tail adapter protein,,USA300HOU_RS10650,RegulonDB
Genomic Island 9,Genomic Island 9,Genomic Island,hypothetical protein,,USA300HOU_RS10655,RegulonDB
Genomic Island 9,Genomic Island 9,Genomic Island,phage capsid protein,,USA300HOU_RS10660,RegulonDB
Genomic Island 9,Genomic Island 9,Genomic Island,peptidase,,USA300HOU_RS10665,RegulonDB
Genomic Island 9,Genomic Island 9,Genomic Island,phage portal protein,,USA300HOU_RS10670,RegulonDB
Genomic Island 9,Genomic Island 9,Genomic Island,terminase,,USA300HOU_RS10675,RegulonDB
Genomic Island 9,Genomic Island 9,Genomic Island,hypothetical protein,,USA300HOU_RS10680,RegulonDB
Genomic Island 9,Genomic Island 9,Genomic Island,HNH endonuclease,,USA300HOU_RS10685,RegulonDB
Genomic Island 9,Genomic Island 9,Genomic Island,hypothetical protein,,USA300HOU_RS10690,RegulonDB
Genomic Island 9,Genomic Island 9,Genomic Island,hypothetical protein,,USA300HOU_RS10695,RegulonDB
Genomic Island 9,Genomic Island 9,Genomic Island,transcriptional activator RinB,,USA300HOU_RS10700,RegulonDB
Genomic Island 9,Genomic Island 9,Genomic Island,hypothetical protein,,USA300HOU_RS10705,RegulonDB
Genomic Island 9,Genomic Island 9,Genomic Island,hypothetical protein,,USA300HOU_RS10710,RegulonDB
Genomic Island 9,Genomic Island 9,Genomic Island,membrane protein,,USA300HOU_RS10715,RegulonDB
Genomic Island 9,Genomic Island 9,Genomic Island,dUTP pyrophosphatase,,USA300HOU_RS10720,RegulonDB
Genomic Island 9,Genomic Island 9,Genomic Island,hypothetical protein,,USA300HOU_RS10725,RegulonDB
Genomic Island 9,Genomic Island 9,Genomic Island,hypothetical protein,,USA300HOU_RS10730,RegulonDB
Genomic Island 9,Genomic Island 9,Genomic Island,hypothetical protein,,USA300HOU_RS10735,RegulonDB
Genomic Island 9,Genomic Island 9,Genomic Island,hypothetical protein,,USA300HOU_RS10740,RegulonDB
Genomic Island 9,Genomic Island 9,Genomic Island,hypothetical protein,,USA300HOU_RS10745,RegulonDB
Genomic Island 9,Genomic Island 9,Genomic Island,Holliday junction DNA helicase,,USA300HOU_RS10750,RegulonDB
Genomic Island 9,Genomic Island 9,Genomic Island,hypothetical protein,,USA300HOU_RS10755,RegulonDB
Genomic Island 9,Genomic Island 9,Genomic Island,replication protein DnaD,,USA300HOU_RS10760,RegulonDB
Genomic Island 9,Genomic Island 9,Genomic Island,single-stranded DNA-binding protein,,USA300HOU_RS10765,RegulonDB
Genomic Island 9,Genomic Island 9,Genomic Island,MBL fold metallo-hydrolase,,USA300HOU_RS10770,RegulonDB
Genomic Island 9,Genomic Island 9,Genomic Island,recombinase,,USA300HOU_RS10775,RegulonDB
Genomic Island 9,Genomic Island 9,Genomic Island,ATPase,,USA300HOU_RS10780,RegulonDB
Genomic Island 9,Genomic Island 9,Genomic Island,hypothetical protein,,USA300HOU_RS10785,RegulonDB
Genomic Island 9,Genomic Island 9,Genomic Island,hypothetical protein,,USA300HOU_RS10790,RegulonDB
Genomic Island 9,Genomic Island 9,Genomic Island,hypothetical protein,,USA300HOU_RS10795,RegulonDB
Genomic Island 9,Genomic Island 9,Genomic Island,hypothetical protein,,USA300HOU_RS10800,RegulonDB
Genomic Island 9,Genomic Island 9,Genomic Island,hypothetical protein,,USA300HOU_RS10805,RegulonDB
Genomic Island 9,Genomic Island 9,Genomic Island,oxidoreductase,,USA300HOU_RS10810,RegulonDB
Genomic Island 9,Genomic Island 9,Genomic Island,hypothetical protein,,USA300HOU_RS10815,RegulonDB
Genomic Island 9,Genomic Island 9,Genomic Island,hypothetical protein,,USA300HOU_RS10820,RegulonDB
Genomic Island 9,Genomic Island 9,Genomic Island,transcriptional regulator,,USA300HOU_RS10825,RegulonDB
Genomic Island 9,Genomic Island 9,Genomic Island,transcriptional regulator,,USA300HOU_RS10835,RegulonDB
Genomic Island 9,Genomic Island 9,Genomic Island,ATP-dependent helicase,,USA300HOU_RS10840,RegulonDB
Genomic Island 9,Genomic Island 9,Genomic Island,hypothetical protein,,USA300HOU_RS10845,RegulonDB
Genomic Island 9,Genomic Island 9,Genomic Island,hypothetical protein,,USA300HOU_RS10850,RegulonDB
Genomic Island 9,Genomic Island 9,Genomic Island,toxin MazF,,USA300HOU_RS10855,RegulonDB
Genomic Island 9,Genomic Island 9,Genomic Island,integrase,,USA300HOU_RS10860,RegulonDB
Genomic Island 9,Genomic Island 9,Genomic Island,sphingomyelin phosphodiesterase,,USA300HOU_RS10865,RegulonDB
Genomic Island 9,Genomic Island 9,Genomic Island,gamma-hemolysin subunit B,,USA300HOU_RS10870,RegulonDB
Genomic Island 9,Genomic Island 9,Genomic Island,succinyl-diaminopimelate desuccinylase,,USA300HOU_RS10875,RegulonDB
Genomic Island 9,Genomic Island 9,Genomic Island,succinyl-diaminopimelate desuccinylase,,USA300HOU_RS10880,RegulonDB
Genomic Island 9,Genomic Island 9,Genomic Island,hypothetical protein,,USA300HOU_RS10885,RegulonDB
Genomic Island 9,Genomic Island 9,Genomic Island,ferrichrome-binding protein FhuD,,USA300HOU_RS10890,RegulonDB
Genomic Island 9,Genomic Island 9,Genomic Island,potassium transporter KtrB,,USA300HOU_RS10895,RegulonDB
Genomic Island 9,Genomic Island 9,Genomic Island,GNAT family acetyltransferase,,USA300HOU_RS10900,RegulonDB
Genomic Island 9,Genomic Island 9,Genomic Island,membrane protein,,USA300HOU_RS10905,RegulonDB
Genomic Island 9,Genomic Island 9,Genomic Island,phage terminase small subunit,,USA300HOU_RS10910,RegulonDB
Genomic Island 9,Genomic Island 9,Genomic Island,hypothetical protein,,USA300HOU_RS10915,RegulonDB
Genomic Island 10,Genomic Island 10,Genomic Island,ABC transporter permease,,USA300HOU_RS11665,RegulonDB
Genomic Island 10,Genomic Island 10,Genomic Island,arginase,,USA300HOU_RS11670,RegulonDB
Genomic Island 10,Genomic Island 10,Genomic Island,transposase,,USA300HOU_RS11675,RegulonDB
Genomic Island 10,Genomic Island 10,Genomic Island,hypothetical protein,,USA300HOU_RS11725,RegulonDB
Genomic Island 10,Genomic Island 10,Genomic Island,chromosome partitioning protein ParA,,USA300HOU_RS11730,RegulonDB
Genomic Island 10,Genomic Island 10,Genomic Island,multidrug MFS transporter,,USA300HOU_RS11735,RegulonDB
Genomic Island 10,Genomic Island 10,Genomic Island,multidrug resistance efflux pump SepA,,USA300HOU_RS11740,RegulonDB
